"","player","year","draft_year","qbr_pct","mean_epa","grades_offense","cpoe","pressure_to_sack_rate","dropbacks","qbr_pct_tot","mean_epa_tot","grade_avg","cpoe_tot","ptsr_tot","plays_tot"
"1","Tom Brady",2007,2000,0.988353979772532,0.37909899858632,93.9,7.41245135686821,13.5,733,0.975974394325955,0.185820821703601,86.6869699306091,1.63802309922167,0.148623279098874,11871
"2","Aaron Rodgers",2011,2005,0.983651886315458,0.355468031598875,92.7,7.42692848815217,22.7,637,0.964422122476818,0.163827268420847,85.178209317524,2.99957662314051,0.206874802901293,10789
"3","Aaron Rodgers",2020,2005,0.981036555815742,0.312786890812281,95.1,6.77910979304995,15.6,660,0.964422122476818,0.163827268420847,85.178209317524,2.99957662314051,0.206874802901293,10789
"4","Lamar Jackson",2024,2018,0.978350788358136,0.299823753848143,94.9,5.08334730344125,11.2,597,0.947985789496349,0.151695555005889,82.6389319092123,1.71496895980152,0.186909090909091,4479
"5","Patrick Mahomes",2018,2017,0.978268090833108,0.321112521330035,92.9,3.72181530752575,13.3,722,0.986311844782709,0.229853242061069,87.3423252775963,2.88014484254724,0.127845036319613,6164
"6","Matt Ryan",2016,2008,0.977703718167566,0.325750444601077,92.2,7.14214755795323,19.2,698,0.905821684389687,0.103304957449785,80.730351371077,2.39272746788411,0.1603125,9661
"7","Drew Brees",2011,2001,0.97553816612294,0.304057599961944,93.2,7.1076220705321,13.8,806,0.972869350048072,0.178803718600378,86.2635875620379,4.13183080485271,0.133609333835152,9937
"8","Peyton Manning",2013,1998,0.974122376836806,0.300665469898944,92.9,6.54009954665628,10.4,806,0.981802038743403,0.202984716390671,87.4769541099344,4.3717511069132,0.112998040496408,5990
"9","Aaron Rodgers",2014,2005,0.972865760208354,0.290666428912997,93.3,2.74465303765993,17.5,650,0.964422122476818,0.163827268420847,85.178209317524,2.99957662314051,0.206874802901293,10789
"10","Tom Brady",2016,2000,0.972755548335859,0.272797902797792,94.9,3.49426990411059,12.8,614,0.975974394325955,0.185820821703601,86.6869699306091,1.63802309922167,0.148623279098874,11871
"11","Josh Allen",2024,2018,0.972394967982381,0.303814950576136,91.9,2.00867637046682,9,634,0.972361552079109,0.177106759004031,86.2542631281762,2.1290907830839,0.136411332633788,5805
"12","Drew Brees",2018,2001,0.97026098874298,0.272005760748125,94,5.99980848695902,13.8,592,0.972869350048072,0.178803718600378,86.2635875620379,4.13183080485271,0.133609333835152,9937
"13","Patrick Mahomes",2022,2017,0.969736568275197,0.291606939364429,92,4.10069776976362,10.1,835,0.986311844782709,0.229853242061069,87.3423252775963,2.88014484254724,0.127845036319613,6164
"14","Philip Rivers",2009,2004,0.968021187374614,0.296804656491789,90.9,6.76118613397539,16.7,565,0.917394847674772,0.140416573109404,78.8187452677123,3.3383302806734,0.156499520919834,9390
"15","Josh McCown",2013,2002,0.967920799060609,0.345309065542005,86.4,4.87264641306617,12.2,243,0.420879845217913,-0.0159648682673421,60.7247076023392,0.236423726068185,0.201492537313433,2085
"16","Patrick Mahomes",2019,2017,0.967414872857799,0.304267282275974,90,2.2557084603856,11.6,659,0.986311844782709,0.229853242061069,87.3423252775963,2.88014484254724,0.127845036319613,6164
"17","Patrick Mahomes",2020,2017,0.96470187709038,0.274765963363375,91.8,2.26338298481345,9.6,779,0.986311844782709,0.229853242061069,87.3423252775963,2.88014484254724,0.127845036319613,6164
"18","Peyton Manning",2007,1998,0.964124190410676,0.244482131740713,94.4,4.00483362150915,11.2,585,0.981802038743403,0.202984716390671,87.4769541099344,4.3717511069132,0.112998040496408,5990
"19","Tom Brady",2011,2000,0.963721633291315,0.302833869672223,88.9,4.27588781331505,17.1,771,0.975974394325955,0.185820821703601,86.6869699306091,1.63802309922167,0.148623279098874,11871
"20","Lamar Jackson",2019,2018,0.960854700938198,0.280156406943394,90.1,2.75511695814567,16.4,537,0.947985789496349,0.151695555005889,82.6389319092123,1.71496895980152,0.186909090909091,4479
"21","Jimmy Garoppolo",2017,2014,0.95853310846558,0.310788615700216,86.6,6.00594937462698,12.9,190,0.851707203026036,0.130461860741263,72.7147266313933,0.465782544219835,0.210826210826211,2340
"22","Tom Brady",2017,2000,0.957944697296358,0.227484420666351,94.1,3.47483151025705,16.3,767,0.975974394325955,0.185820821703601,86.6869699306091,1.63802309922167,0.148623279098874,11871
"23","Ryan Tannehill",2020,2012,0.957763566756043,0.26495395657296,90.6,2.80986950713761,14.6,556,0.787563695764108,0.0411447439112735,75.8522718944668,1.50029000300119,0.21996879875195,5646
"24","Drew Brees",2009,2001,0.957630107249767,0.296052415177988,87.7,7.39206199477655,13.3,643,0.972869350048072,0.178803718600378,86.2635875620379,4.13183080485271,0.133609333835152,9937
"25","Brock Purdy",2023,2022,0.95642051134422,0.295655120229384,87.4,3.9470901392358,13.1,618,0.978506226093028,0.224856950764192,84.0822580645161,3.3169739656052,0.133720930232558,1827
"26","Tom Brady",2012,2000,0.955709741420825,0.263123889679341,90.2,1.12008277811832,14.7,765,0.975974394325955,0.185820821703601,86.6869699306091,1.63802309922167,0.148623279098874,11871
"27","Jordan Love",2025,2020,0.954596592598621,0.275082916347468,88.8,5.27583381248211,10.5,542,0.946779582454491,0.165481911045013,81.1523153252481,1.86630226060992,0.112540192926045,1843
"28","Peyton Manning",2006,1998,0.954481424842601,0.233465095322012,92.6,4.27358943985232,9.6,738,0.981802038743403,0.202984716390671,87.4769541099344,4.3717511069132,0.112998040496408,5990
"29","Peyton Manning",2009,1998,0.952998819885705,0.273785746247321,88.5,6.45492638713831,8.8,715,0.981802038743403,0.202984716390671,87.4769541099344,4.3717511069132,0.112998040496408,5990
"30","Peyton Manning",2012,1998,0.950555980802475,0.238805916914346,91.1,6.97642842226962,18.3,655,0.981802038743403,0.202984716390671,87.4769541099344,4.3717511069132,0.112998040496408,5990
"31","Philip Rivers",2010,2004,0.950461543315138,0.233118794828845,91.6,6.07112193978489,18.4,591,0.917394847674772,0.140416573109404,78.8187452677123,3.3383302806734,0.156499520919834,9390
"32","Aaron Rodgers",2013,2005,0.947056311642483,0.287191292071348,85.8,6.21222561461918,22.5,360,0.964422122476818,0.163827268420847,85.178209317524,2.99957662314051,0.206874802901293,10789
"33","Tom Brady",2020,2000,0.945522423790861,0.201828353085245,93.3,2.37841611895068,14.6,780,0.975974394325955,0.185820821703601,86.6869699306091,1.63802309922167,0.148623279098874,11871
"34","Aaron Rodgers",2010,2005,0.945282373037859,0.222958126671199,91.3,6.17488976692993,19.7,695,0.964422122476818,0.163827268420847,85.178209317524,2.99957662314051,0.206874802901293,10789
"35","Aaron Rodgers",2016,2005,0.945123912891587,0.221477253333564,91.4,3.36102683235098,17.9,831,0.964422122476818,0.163827268420847,85.178209317524,2.99957662314051,0.206874802901293,10789
"36","Russell Wilson",2012,2012,0.944463040502289,0.228533518856712,90.6,5.0575583678695,18.9,553,0.906928024300898,0.0941193665854502,81.7031982670744,4.81271859477548,0.19652448657188,8157
"37","Philip Rivers",2013,2004,0.943217036771225,0.251566394455441,88.2,8.0150428424657,15.9,641,0.917394847674772,0.140416573109404,78.8187452677123,3.3383302806734,0.156499520919834,9390
"38","Deshaun Watson",2020,2017,0.939526281667335,0.196136565679548,92.5,6.52254901356269,20.8,656,0.862672084678186,0.0777306943763373,78.5163334462894,2.46797888280481,0.216765453005927,3074
"39","Josh Allen",2020,2018,0.93942803449169,0.219812314246956,90.3,5.97522221562,11.8,767,0.972361552079109,0.177106759004031,86.2542631281762,2.1290907830839,0.136411332633788,5805
"40","Brett Favre",2009,NA,0.939219299605997,0.21607341775875,90.6,5.22046492776679,22.3,641,0.709696801495401,0.0547414158678799,69.6072990126939,1.31839030701737,0.166666666666667,2855
"41","Josh Allen",2021,2018,0.938871584367103,0.212018080927443,90.9,2.8908279983426,10.6,793,0.972361552079109,0.177106759004031,86.2542631281762,2.1290907830839,0.136411332633788,5805
"42","Peyton Manning",2008,1998,0.938604293862292,0.21901375742829,90.2,4.29045372589269,8.2,616,0.981802038743403,0.202984716390671,87.4769541099344,4.3717511069132,0.112998040496408,5990
"43","Matthew Stafford",2025,2009,0.937990982285182,0.199153421025822,91.9,0.734178499243725,12.1,755,0.848358569582663,0.0779857511209702,77.2090909090909,-1.07672975651007,0.180039138943249,10152
"44","Josh Allen",2023,2018,0.936662663068128,0.195091408230668,92,4.4657821115715,10,732,0.972361552079109,0.177106759004031,86.2542631281762,2.1290907830839,0.136411332633788,5805
"45","Aaron Rodgers",2021,2005,0.93324004286324,0.215889725771951,89.4,5.65083214746063,21.6,612,0.964422122476818,0.163827268420847,85.178209317524,2.99957662314051,0.206874802901293,10789
"46","Joe Burrow",2024,2020,0.931990712949555,0.164353964278794,93.9,6.78678849462871,19.4,725,0.96144033799869,0.11969978598596,88.4529583211892,4.27018863413141,0.222836095764273,3504
"47","Drew Brees",2019,2001,0.930694364601628,0.195328241052607,90.8,6.19660398221436,14,427,0.972869350048072,0.178803718600378,86.2635875620379,4.13183080485271,0.133609333835152,9937
"48","Josh Allen",2025,2018,0.928515570541088,0.194126623035988,90.5,3.94958222647393,18.6,642,0.972361552079109,0.177106759004031,86.2542631281762,2.1290907830839,0.136411332633788,5805
"49","Ryan Tannehill",2019,2012,0.92701571066402,0.194375388931662,90.2,6.36181240619467,28.6,405,0.787563695764108,0.0411447439112735,75.8522718944668,1.50029000300119,0.21996879875195,5646
"50","Tom Brady",2010,2000,0.926853968671974,0.239684488024597,86,2.86705159771263,17.5,572,0.975974394325955,0.185820821703601,86.6869699306091,1.63802309922167,0.148623279098874,11871
"51","Matt Ryan",2012,2008,0.926640724565164,0.215359121235425,88.2,6.12338159065233,13.3,743,0.905821684389687,0.103304957449785,80.730351371077,2.39272746788411,0.1603125,9661
"52","Josh Allen",2022,2018,0.924644562292469,0.172327864692616,91.8,1.27157055429406,15.4,754,0.972361552079109,0.177106759004031,86.2542631281762,2.1290907830839,0.136411332633788,5805
"53","Tony Romo",2014,NA,0.924180337154472,0.260516760021587,83.6,6.29371504609783,24.8,535,0.888452665955759,0.138554442608871,75.5349141455437,3.60954522236787,0.171518987341772,4927
"54","Philip Rivers",2018,2004,0.922378144116893,0.199480063328137,88.9,3.04706304081569,15,632,0.917394847674772,0.140416573109404,78.8187452677123,3.3383302806734,0.156499520919834,9390
"55","Aaron Rodgers",2012,2005,0.922304636405542,0.198253997247835,89,5.86940522809498,25.2,720,0.964422122476818,0.163827268420847,85.178209317524,2.99957662314051,0.206874802901293,10789
"56","Jayden Daniels",2024,2024,0.920696726328396,0.177841601550727,90.6,3.28689560976247,19.8,736,0.959360659908009,0.133575555742011,86.6910204081633,1.87613955043718,0.194366197183099,1078
"57","Tom Brady",2021,2000,0.920635894345233,0.165776961351105,91.7,1.22227898762476,16.6,849,0.975974394325955,0.185820821703601,86.6869699306091,1.63802309922167,0.148623279098874,11871
"58","Tom Brady",2015,2000,0.919620813933698,0.163889580971745,91.7,-1.07029619621498,15.9,774,0.975974394325955,0.185820821703601,86.6869699306091,1.63802309922167,0.148623279098874,11871
"59","Dak Prescott",2023,2016,0.917848622279389,0.179106842241162,90,3.84480009476344,18.3,731,0.91826649078844,0.126672625636074,80.1896866606983,1.56837276878728,0.162627894453419,5757
"60","Peyton Manning",2010,1998,0.917377156668013,0.17499115659416,90.3,4.09560471095822,9.2,723,0.981802038743403,0.202984716390671,87.4769541099344,4.3717511069132,0.112998040496408,5990
"61","Justin Herbert",2021,2020,0.917123376705442,0.177791082876901,90,-0.615461159333065,15.6,740,0.916847081363501,0.0880793321491553,83.5201348988259,0.290545894438753,0.168914123491838,4098
"62","Dak Prescott",2016,2016,0.916742399530759,0.245549745644037,83.7,4.30399693124663,14.4,555,0.91826649078844,0.126672625636074,80.1896866606983,1.56837276878728,0.162627894453419,5757
"63","Drew Brees",2017,2001,0.912138422667867,0.176578754960777,89.3,4.5327370921041,15.8,638,0.972869350048072,0.178803718600378,86.2635875620379,4.13183080485271,0.133609333835152,9937
"64","Joe Burrow",2022,2020,0.911597210795041,0.146309994392793,92,3.10919718700967,22.9,803,0.96144033799869,0.11969978598596,88.4529583211892,4.27018863413141,0.222836095764273,3504
"65","Matthew Stafford",2021,2009,0.910755896034706,0.208966156008066,86.1,1.15570116532992,17.8,793,0.848358569582663,0.0779857511209702,77.2090909090909,-1.07672975651007,0.180039138943249,10152
"66","Carson Palmer",2015,2003,0.909704101302511,0.206088113052527,86.2,4.36731192095838,11.4,656,0.740883921606478,0.0567269516676051,71.333719938598,2.06947404338791,0.156570841889117,5904
"67","Ben Roethlisberger",2015,2004,0.909606406846969,0.159205126125131,90.5,5.31921222051134,15.7,567,0.872477730964763,0.103001646829373,77.1441827805985,2.37271850468163,0.201841620626151,9351
"68","Aaron Rodgers",2009,2005,0.90926838554474,0.207523370198957,86,4.10581232664082,25.7,673,0.964422122476818,0.163827268420847,85.178209317524,2.99957662314051,0.206874802901293,10789
"69","Tom Brady",2018,2000,0.908694452340535,0.155492565469338,90.7,0.539571354977313,12.6,723,0.975974394325955,0.185820821703601,86.6869699306091,1.63802309922167,0.148623279098874,11871
"70","Joe Burrow",2021,2020,0.907350729297025,0.141293631487856,91.8,5.89698482647701,26.9,759,0.96144033799869,0.11969978598596,88.4529583211892,4.27018863413141,0.222836095764273,3504
"71","Carson Wentz",2017,2016,0.906243651437504,0.214424674242656,84.9,0.414583507344263,15.6,502,0.699974312784475,0.0246883244780608,71.7746132386508,-0.582893685404497,0.193265007320644,4099
"72","Russell Wilson",2018,2012,0.90487877936431,0.168727426074037,88.9,7.05901203934426,24.5,538,0.906928024300898,0.0941193665854502,81.7031982670744,4.81271859477548,0.19652448657188,8157
"73","Russell Wilson",2019,2012,0.901766106194127,0.131114263042675,91.9,7.10261070186442,19.1,690,0.906928024300898,0.0941193665854502,81.7031982670744,4.81271859477548,0.19652448657188,8157
"74","Jalen Hurts",2022,2020,0.900886403583373,0.169915452561695,88.2,2.88997762899565,21.2,637,0.918380040060316,0.115993794769591,81.179203539823,2.63807687881738,0.174137931034483,3699
"75","Andy Dalton",2015,2011,0.898993062897946,0.251681343712635,80.4,3.95457552565051,15.2,433,0.651017645246105,0.00911870113984911,70.4172870269428,-0.237496620137344,0.207317073170732,6547
"76","Tom Brady",2014,2000,0.896835679038132,0.194015558288451,85.4,2.2874181532422,11.7,753,0.975974394325955,0.185820821703601,86.6869699306091,1.63802309922167,0.148623279098874,11871
"77","Drew Brees",2013,2001,0.895544250216042,0.205075893775953,84.2,4.69242407828152,17.6,776,0.972869350048072,0.178803718600378,86.2635875620379,4.13183080485271,0.133609333835152,9937
"78","Tony Romo",2007,NA,0.894274143635283,0.220531873440221,82.6,4.6017090498171,12.9,601,0.888452665955759,0.138554442608871,75.5349141455437,3.60954522236787,0.171518987341772,4927
"79","Jared Goff",2024,2016,0.893997216065596,0.261399011140983,78.8,4.97590931398528,15.9,630,0.833830196091678,0.0923319973753453,74.6770649825494,0.0756370606061197,0.15255905511811,6068
"80","Baker Mayfield",2024,2018,0.892664636584503,0.182260680307892,85.9,4.09038845121552,24.4,680,0.799481316813573,0.0560112935566795,75.3476333907057,-0.523748714759328,0.209929078014184,4712
"81","Drew Brees",2008,2001,0.891269282017123,0.223643204271549,81.9,2.78159619860626,7.5,653,0.972869350048072,0.178803718600378,86.2635875620379,4.13183080485271,0.133609333835152,9937
"82","Robert Griffin",2012,2012,0.889295888847097,0.226172615491446,81.4,3.5108167825654,19.2,488,0.610682179933307,0.0346304752719863,65.9092628832355,0.575402116351448,0.226415094339623,1701
"83","David Garrard",2007,2002,0.888275832434596,0.230118900529635,80.9,4.02174767940192,16.5,429,0.779489288723323,0.0599047501638168,73.5797187899446,3.11655915570993,0.192399049881235,2463
"84","Nick Foles",2013,2012,0.887262166618618,0.256899535980633,78.3,5.54466706937587,22.6,397,0.518890232819552,-0.0271987566420665,66.7850060459492,0.585883137026518,0.154025670945158,2545
"85","Eli Manning",2011,2004,0.887201595401678,0.157945186657393,87.4,2.05941277269078,12.4,803,0.694153615545357,0.0282976552440639,71.1055609519184,-0.671334258350571,0.149146110056926,8283
"86","Patrick Mahomes",2023,2017,0.886617598041737,0.123424602859931,90.5,3.86645589801047,10.6,846,0.986311844782709,0.229853242061069,87.3423252775963,2.88014484254724,0.127845036319613,6164
"87","Ben Roethlisberger",2017,2004,0.885013298205545,0.164589117938426,86.5,2.77331053821726,12.6,654,0.872477730964763,0.103001646829373,77.1441827805985,2.37271850468163,0.201841620626151,9351
"88","Joe Burrow",2025,2020,0.884985689936609,0.106967979577243,91.8,4.65429821201871,19.8,288,0.96144033799869,0.11969978598596,88.4529583211892,4.27018863413141,0.222836095764273,3504
"89","Andrew Luck",2018,2012,0.884379425864605,0.112626044504502,91.2,0.160480115091664,9.5,757,0.864984268570616,0.0849663287576341,78.0720705064548,-1.17552394427875,0.123580494321977,4073
"90","Dak Prescott",2025,2016,0.884304159024432,0.159236787474705,86.9,2.16455712200028,13.3,659,0.91826649078844,0.126672625636074,80.1896866606983,1.56837276878728,0.162627894453419,5757
"91","Ben Roethlisberger",2014,2004,0.883604052364397,0.16367962043127,86.4,5.42349649877563,19.7,701,0.872477730964763,0.103001646829373,77.1441827805985,2.37271850468163,0.201841620626151,9351
"92","Philip Rivers",2008,2004,0.8831548809182,0.219542474109808,81.2,3.95379646755548,19.1,595,0.917394847674772,0.140416573109404,78.8187452677123,3.3383302806734,0.156499520919834,9390
"93","Tua Tagovailoa",2022,2020,0.881364193098407,0.209432491916475,81.9,1.43257022982112,18.9,432,0.829241027837772,0.0967667853471006,73.9006259204713,2.0909679449364,0.193504736129905,2733
"94","Patrick Mahomes",2021,2017,0.875803329616716,0.221376079456018,80.1,3.24676486704013,13.4,880,0.986311844782709,0.229853242061069,87.3423252775963,2.88014484254724,0.127845036319613,6164
"95","Matt Ryan",2018,2008,0.874632373555843,0.17417279843789,84.3,4.34989212941723,19.2,668,0.905821684389687,0.103304957449785,80.730351371077,2.39272746788411,0.1603125,9661
"96","Russell Wilson",2015,2012,0.874608727502705,0.202388861923493,81.7,7.28015001433933,18.3,672,0.906928024300898,0.0941193665854502,81.7031982670744,4.81271859477548,0.19652448657188,8157
"97","Baker Mayfield",2020,2018,0.873877791154309,0.157954662170647,85.7,1.99452680097661,17.4,612,0.799481316813573,0.0560112935566795,75.3476333907057,-0.523748714759328,0.209929078014184,4712
"98","Brock Purdy",2025,2022,0.873259976650621,0.160391976698435,85.4,5.60002188991617,9,384,0.978506226093028,0.224856950764192,84.0822580645161,3.3169739656052,0.133720930232558,1827
"99","Matthew Stafford",2019,2009,0.873173464247091,0.190697700451369,82.6,2.08775563768938,15,320,0.848358569582663,0.0779857511209702,77.2090909090909,-1.07672975651007,0.180039138943249,10152
"100","Brock Purdy",2024,2022,0.873126921506566,0.192808815996341,82.4,2.062583592805,15.5,537,0.978506226093028,0.224856950764192,84.0822580645161,3.3169739656052,0.133720930232558,1827
"101","Andrew Luck",2016,2012,0.872690760819429,0.105314550915599,90.4,1.22220963519241,14.7,628,0.864984268570616,0.0849663287576341,78.0720705064548,-1.17552394427875,0.123580494321977,4073
"102","Tony Romo",2010,NA,0.870846513962933,0.0865879116549829,91.9,6.10230879260684,10.6,223,0.888452665955759,0.138554442608871,75.5349141455437,3.60954522236787,0.171518987341772,4927
"103","Justin Herbert",2024,2020,0.870266355756792,0.0934336585191152,91.2,0.545026949918478,21.5,618,0.916847081363501,0.0880793321491553,83.5201348988259,0.290545894438753,0.168914123491838,4098
"104","Lamar Jackson",2023,2018,0.87010865294602,0.101919241072233,90.4,3.19056719721806,19.1,633,0.947985789496349,0.151695555005889,82.6389319092123,1.71496895980152,0.186909090909091,4479
"105","Drake Maye",2025,2024,0.869678773439338,0.206744217232269,80.7,8.00399916549014,23.9,755,0.888356732542734,0.123483436550622,76.8994902293968,6.16922861554525,0.230769230769231,1210
"106","Matt Ryan",2017,2008,0.869415704085729,0.123831487590563,88.3,2.81808403755014,13.5,644,0.905821684389687,0.103304957449785,80.730351371077,2.39272746788411,0.1603125,9661
"107","Drew Brees",2015,2001,0.869038779866756,0.139638339542454,86.8,2.04870116509748,16.3,661,0.972869350048072,0.178803718600378,86.2635875620379,4.13183080485271,0.133609333835152,9937
"108","Russell Wilson",2020,2012,0.867156806150409,0.0970080543054422,90.5,5.82042665464476,18.8,696,0.906928024300898,0.0941193665854502,81.7031982670744,4.81271859477548,0.19652448657188,8157
"109","Aaron Rodgers",2018,2005,0.866073266444842,0.111915562147664,89,-0.593552154043446,21.8,681,0.964422122476818,0.163827268420847,85.178209317524,2.99957662314051,0.206874802901293,10789
"110","Drew Brees",2014,2001,0.865946992597327,0.110667714703465,89.1,3.44432956412619,12.6,702,0.972869350048072,0.178803718600378,86.2635875620379,4.13183080485271,0.133609333835152,9937
"111","Ryan Fitzpatrick",2018,2005,0.864704140777494,0.165580123463296,83.9,5.24838347824252,13.9,285,0.579017019221932,0.0214060981796244,65.4498023005032,-0.630337029579215,0.160486995019369,5674
"112","Matthew Stafford",2023,2009,0.86329952837542,0.117085665997548,88.2,-1.94577268256132,15.8,605,0.848358569582663,0.0779857511209702,77.2090909090909,-1.07672975651007,0.180039138943249,10152
"113","Matt Schaub",2009,2004,0.86323901777071,0.166986107371581,83.6,5.02444841815795,14.4,626,0.823389017341311,0.0775286493325375,75.1906028870648,2.2093969176906,0.152347209920283,3571
"114","Ben Roethlisberger",2010,2004,0.862643805126315,0.155372544161597,84.6,3.32362445772335,21.1,546,0.872477730964763,0.103001646829373,77.1441827805985,2.37271850468163,0.201841620626151,9351
"115","Jalen Hurts",2024,2020,0.862483887020856,0.188851630899125,81.5,7.74962541660624,22.9,556,0.918380040060316,0.115993794769591,81.179203539823,2.63807687881738,0.174137931034483,3699
"116","Ben Roethlisberger",2009,2004,0.861681659259959,0.147647679100445,85.2,5.39316596615149,32.1,567,0.872477730964763,0.103001646829373,77.1441827805985,2.37271850468163,0.201841620626151,9351
"117","Drew Brees",2010,2001,0.860613905991105,0.125673244106332,87.1,5.86033444532326,12.4,747,0.972869350048072,0.178803718600378,86.2635875620379,4.13183080485271,0.133609333835152,9937
"118","Dak Prescott",2020,2016,0.859588319014685,0.145043039473755,85.2,0.303550187600862,14.9,240,0.91826649078844,0.126672625636074,80.1896866606983,1.56837276878728,0.162627894453419,5757
"119","Dak Prescott",2019,2016,0.859551902201163,0.200406931115891,80.1,0.966191721252269,11.3,639,0.91826649078844,0.126672625636074,80.1896866606983,1.56837276878728,0.162627894453419,5757
"120","Ben Roethlisberger",2007,2004,0.859538177652341,0.181920288422437,81.8,6.40764817800544,27.5,524,0.872477730964763,0.103001646829373,77.1441827805985,2.37271850468163,0.201841620626151,9351
"121","Colin Kaepernick",2012,2011,0.858606377579529,0.2133631676194,78.8,4.07514294971785,18.3,354,0.638863710125316,0.0693191698095229,64.2599193909539,-1.84904335711243,0.217654171704958,2424
"122","Kirk Cousins",2021,2012,0.857453403349644,0.109820175099405,88.2,1.35027270354816,13.6,611,0.840447634789991,0.0639162014045631,77.8174397314617,2.16821688592393,0.156331877729258,6663
"123","Cam Newton",2015,2011,0.856914927301365,0.147186968232585,84.7,-0.280530492499135,17.5,657,0.749473134882384,0.0574489318781249,71.8133707865169,-1.50275250415999,0.187700534759358,6142
"124","Brock Purdy",2022,2022,0.856400476847164,0.22261048924712,77.7,0.980170291635488,17.2,259,0.978506226093028,0.224856950764192,84.0822580645161,3.3169739656052,0.133720930232558,1827
"125","Derek Carr",2024,2014,0.855020318371531,0.135103572936495,85.6,3.27637432754495,8.5,300,0.755940936656482,0.0328710814177297,74.4728541964144,0.476696190573837,0.159458051068265,6369
"126","Drew Brees",2012,2001,0.852939030028232,0.142372390401452,84.7,0.994520304035338,13,699,0.972869350048072,0.178803718600378,86.2635875620379,4.13183080485271,0.133609333835152,9937
"127","Kirk Cousins",2020,2012,0.85282251523856,0.156356479676566,83.4,4.5845363404333,17.6,572,0.840447634789991,0.0639162014045631,77.8174397314617,2.16821688592393,0.156331877729258,6663
"128","Matt Schaub",2011,2004,0.852787836620436,0.20955096336644,78.5,-0.122483079911957,14.7,313,0.823389017341311,0.0775286493325375,75.1906028870648,2.2093969176906,0.152347209920283,3571
"129","Alex Smith",2017,2005,0.852540074190605,0.170141839313024,82.1,5.33192991697538,19.4,615,0.676150969530275,0.0309547597539487,69.8296921549156,-0.359460613402984,0.203784570596798,6155
"130","Mike Vick",2010,NA,0.850601173622483,0.191731681104323,79.9,4.84630689587941,17.9,508,0.62657921437262,0.0307781938141324,67.1109600679694,0.0202824669376846,0.185381355932203,2515
"131","Patrick Mahomes",2024,2017,0.848849127620504,0.138596432523679,84.6,2.29797386079557,18.5,770,0.986311844782709,0.229853242061069,87.3423252775963,2.88014484254724,0.127845036319613,6164
"132","Jared Goff",2018,2016,0.848677798675069,0.141654019374294,84.3,0.0296086212838759,16.8,729,0.833830196091678,0.0923319973753453,74.6770649825494,0.0756370606061197,0.15255905511811,6068
"133","Jared Goff",2023,2016,0.84818621112608,0.125865641645977,85.7,1.34919430409584,13.9,761,0.833830196091678,0.0923319973753453,74.6770649825494,0.0756370606061197,0.15255905511811,6068
"134","Ben Roethlisberger",2012,2004,0.848083258819206,0.127917635293095,85.5,2.46794169351935,17.8,491,0.872477730964763,0.103001646829373,77.1441827805985,2.37271850468163,0.201841620626151,9351
"135","Drew Brees",2016,2001,0.847031644828544,0.151674083698714,83.2,4.19573146799148,15.7,704,0.972869350048072,0.178803718600378,86.2635875620379,4.13183080485271,0.133609333835152,9937
"136","Drew Brees",2006,2001,0.846150210387939,0.150645848626397,83.2,0.773245601081534,12.6,672,0.972869350048072,0.178803718600378,86.2635875620379,4.13183080485271,0.133609333835152,9937
"137","Philip Rivers",2017,2004,0.846088986330097,0.180995183286895,80.4,1.01832867459913,8.1,596,0.917394847674772,0.140416573109404,78.8187452677123,3.3383302806734,0.156499520919834,9390
"138","Jordan Love",2023,2020,0.843438470918636,0.143160890117577,83.6,1.40239073732354,13.7,689,0.946779582454491,0.165481911045013,81.1523153252481,1.86630226060992,0.112540192926045,1843
"139","Russell Wilson",2013,2012,0.84182255534651,0.139134380283879,83.8,5.70792840550775,20.2,583,0.906928024300898,0.0941193665854502,81.7031982670744,4.81271859477548,0.19652448657188,8157
"140","Derek Carr",2016,2014,0.841489087162998,0.122456654948667,85.3,-0.0306117275955449,11.3,593,0.755940936656482,0.0328710814177297,74.4728541964144,0.476696190573837,0.159458051068265,6369
"141","Tony Romo",2006,NA,0.839900386523904,0.198873250631569,78.1,6.85341132550754,17.3,407,0.888452665955759,0.138554442608871,75.5349141455437,3.60954522236787,0.171518987341772,4927
"142","Kirk Cousins",2016,2012,0.838528305843269,0.170160076129827,80.6,4.97469433356781,11.3,638,0.840447634789991,0.0639162014045631,77.8174397314617,2.16821688592393,0.156331877729258,6663
"143","Tua Tagovailoa",2023,2020,0.837496808889278,0.10055266481221,86.9,3.14971449145352,19,655,0.829241027837772,0.0967667853471006,73.9006259204713,2.0909679449364,0.193504736129905,2733
"144","Ben Roethlisberger",2018,2004,0.834311478864584,0.191518434716464,78.2,1.68245276309786,13.9,713,0.872477730964763,0.103001646829373,77.1441827805985,2.37271850468163,0.201841620626151,9351
"145","Philip Rivers",2020,2004,0.832912116873094,0.176933071816356,79.4,0.326465101618516,13.3,610,0.917394847674772,0.140416573109404,78.8187452677123,3.3383302806734,0.156499520919834,9390
"146","Matt Schaub",2010,2004,0.832279415243891,0.120826960569322,84.5,0.574691744511335,17.3,611,0.823389017341311,0.0775286493325375,75.1906028870648,2.2093969176906,0.152347209920283,3571
"147","Deshaun Watson",2019,2017,0.831580785544055,0.139615246610682,82.7,2.11569120753623,20.6,691,0.862672084678186,0.0777306943763373,78.5163334462894,2.46797888280481,0.216765453005927,3074
"148","Matt Ryan",2010,2008,0.828791345426119,0.126791714646684,83.6,0.933629840235167,13.9,650,0.905821684389687,0.103304957449785,80.730351371077,2.39272746788411,0.1603125,9661
"149","Kirk Cousins",2019,2012,0.82826130012083,0.119697915085625,84.2,3.7663632488796,18,549,0.840447634789991,0.0639162014045631,77.8174397314617,2.16821688592393,0.156331877729258,6663
"150","Jalen Hurts",2023,2020,0.823049208084145,0.0869408132570207,86.7,4.1406827817734,14.4,661,0.918380040060316,0.115993794769591,81.179203539823,2.63807687881738,0.174137931034483,3699
"151","Ryan Fitzpatrick",2020,2005,0.820561259374914,0.210334692394176,75.1,3.40948683407271,14.3,299,0.579017019221932,0.0214060981796244,65.4498023005032,-0.630337029579215,0.160486995019369,5674
"152","Lamar Jackson",2020,2018,0.819606943386252,0.163699401043263,79.3,1.28224765686068,19.1,519,0.947985789496349,0.151695555005889,82.6389319092123,1.71496895980152,0.186909090909091,4479
"153","Lamar Jackson",2022,2018,0.817177207551535,0.0970565809800226,85.2,-0.617372073401911,20.9,378,0.947985789496349,0.151695555005889,82.6389319092123,1.71496895980152,0.186909090909091,4479
"154","Jay Cutler",2008,2006,0.816699336355211,0.161746092846983,79.2,1.55441635689199,6.7,652,0.609306851373976,0.00151636696416419,68.8570619404349,0.853191268363745,0.174986580783682,5575
"155","Aaron Rodgers",2019,2005,0.81417211266981,0.110238078585063,83.7,1.72353637727661,17.4,704,0.964422122476818,0.163827268420847,85.178209317524,2.99957662314051,0.206874802901293,10789
"156","Aaron Rodgers",2008,2005,0.813755098873874,0.159784974247798,79.1,4.6072439620128,20.7,600,0.964422122476818,0.163827268420847,85.178209317524,2.99957662314051,0.206874802901293,10789
"157","Derek Carr",2020,2014,0.811954226673196,0.097094381621175,84.7,2.57280097777392,15.3,566,0.755940936656482,0.0328710814177297,74.4728541964144,0.476696190573837,0.159458051068265,6369
"158","Matthew Stafford",2016,2009,0.810198151013918,0.131154373869715,81.4,-0.407774432324896,18.5,696,0.848358569582663,0.0779857511209702,77.2090909090909,-1.07672975651007,0.180039138943249,10152
"159","C.J. Stroud",2023,2023,0.809658730105788,0.112136045356383,83.1,0.10196715593338,17.4,618,0.808322455512967,0.0502852662476123,76.5215425531915,-0.894767989241888,0.185185185185185,1904
"160","Ben Roethlisberger",2016,2004,0.807906402717192,0.140780831886318,80.3,2.02171970407168,13,630,0.872477730964763,0.103001646829373,77.1441827805985,2.37271850468163,0.201841620626151,9351
"161","Josh Freeman",2010,2009,0.807284697386162,0.161882182756486,78.3,1.78633151583917,12.6,544,0.474732736685756,-0.00968687860582921,62.9298330404218,-2.70616149706724,0.134872417982989,2330
"162","Dak Prescott",2021,2016,0.806743198527596,0.116792042672678,82.4,1.54456761940434,15.8,703,0.91826649078844,0.126672625636074,80.1896866606983,1.56837276878728,0.162627894453419,5757
"163","Matthew Stafford",2020,2009,0.805483772402255,0.119872302331216,82,-1.02414509244994,23.5,583,0.848358569582663,0.0779857511209702,77.2090909090909,-1.07672975651007,0.180039138943249,10152
"164","Philip Rivers",2011,2004,0.800674733102571,0.15311090439781,78.5,3.86004816392532,16.6,621,0.917394847674772,0.140416573109404,78.8187452677123,3.3383302806734,0.156499520919834,9390
"165","Matt Ryan",2014,2008,0.80038795031572,0.0832948182202313,84.9,1.43605685147407,12.9,683,0.905821684389687,0.103304957449785,80.730351371077,2.39272746788411,0.1603125,9661
"166","Eli Manning",2009,2004,0.79821836688851,0.164816425855359,77.2,2.27070520993018,18.2,546,0.694153615545357,0.0282976552440639,71.1055609519184,-0.671334258350571,0.149146110056926,8283
"167","Justin Herbert",2020,2020,0.797868861825813,0.135139609985627,79.9,0.011846217615851,13.4,653,0.916847081363501,0.0880793321491553,83.5201348988259,0.290545894438753,0.168914123491838,4098
"168","Jared Goff",2025,2016,0.79653698766519,0.157738981671656,77.7,1.77659557743387,17,623,0.833830196091678,0.0923319973753453,74.6770649825494,0.0756370606061197,0.15255905511811,6068
"169","Jameis Winston",2021,2015,0.795847026918816,0.197264883073866,74,-3.13750013611675,13.8,191,0.745561601925387,0.0720905685325468,70.2280481137233,0.952603131156615,0.172628304821151,3739
"170","Kirk Cousins",2023,2012,0.792534274802945,0.0625928889955179,86.1,4.28785780901151,15.7,331,0.840447634789991,0.0639162014045631,77.8174397314617,2.16821688592393,0.156331877729258,6663
"171","Patrick Mahomes",2025,2017,0.791636010580278,0.171458808514101,76,0.336414833905581,16.6,594,0.986311844782709,0.229853242061069,87.3423252775963,2.88014484254724,0.127845036319613,6164
"172","Derek Carr",2019,2014,0.789221380764163,0.126771347652535,79.9,5.69015412965089,18.4,556,0.755940936656482,0.0328710814177297,74.4728541964144,0.476696190573837,0.159458051068265,6369
"173","Matt Ryan",2020,2008,0.788289340785576,0.0911151754947944,83.1,1.23282520480417,17.6,683,0.905821684389687,0.103304957449785,80.730351371077,2.39272746788411,0.1603125,9661
"174","Sam Darnold",2025,2018,0.788057838910708,0.135438996113801,79,4.73582795656371,14.9,625,0.562658000739064,-0.0173987072537432,68.1403943830296,0.320302740433737,0.183641975308642,3427
"175","Kyler Murray",2024,2019,0.787736352054913,0.102539309337107,82,2.11786447868695,16.7,614,0.794833545148877,0.0501598653424721,75.5458480565371,0.679140995148188,0.195219123505976,3670
"176","Trevor Lawrence",2025,2021,0.785868969269105,0.0822965368805471,83.7,-2.0475427629848,16.4,682,0.758679645533799,0.0222559806540314,75.61973727422,-1.26979408718291,0.163561076604555,3168
"177","Kyler Murray",2020,2019,0.783592244954053,0.0899249225224572,82.8,2.22468805696928,15.7,638,0.794833545148877,0.0501598653424721,75.5458480565371,0.679140995148188,0.195219123505976,3670
"178","Drew Brees",2007,2001,0.782032187302626,0.068903371777754,84.6,4.67173563078117,9.8,675,0.972869350048072,0.178803718600378,86.2635875620379,4.13183080485271,0.133609333835152,9937
"179","Tom Brady",2009,2000,0.78148396409988,0.168343268763655,75.4,2.83631505661233,12.1,632,0.975974394325955,0.185820821703601,86.6869699306091,1.63802309922167,0.148623279098874,11871
"180","Ben Roethlisberger",2013,2004,0.779378780011202,0.0783756545733821,83.5,3.03906187854152,20.3,639,0.872477730964763,0.103001646829373,77.1441827805985,2.37271850468163,0.201841620626151,9351
"181","Brian Hoyer",2016,NA,0.779063680959922,0.118281108625216,79.8,3.39856746116864,8,206,0.428191368262379,-0.044722183814461,63.7285714285714,-3.98539331534605,0.183838383838384,1737
"182","Jacoby Brissett",2022,2016,0.777137967962944,0.0860737343804611,82.6,2.88820975271725,17.5,416,0.556698108916376,-0.0180830323167027,67.8948222565688,-1.2221675388783,0.188177339901478,2672
"183","Case Keenum",2017,NA,0.776351816259736,0.09838424302354,81.4,2.73199400959168,10.3,615,0.504780497467696,-0.0363300197459455,66.8966666666667,-1.69882620473045,0.146288209606987,2554
"184","Mike Vick",2011,NA,0.774158192576356,0.118092612029791,79.4,1.085190347782,11.6,498,0.62657921437262,0.0307781938141324,67.1109600679694,0.0202824669376846,0.185381355932203,2515
"185","Jake Browning",2023,NA,0.774127812419675,0.119151156211768,79.3,3.86625628313448,23.5,284,0.593818734456175,-0.0237055105057451,70.3398104265403,2.68301857309153,0.208860759493671,435
"186","Ryan Tannehill",2021,2012,0.773365657910379,0.0706479433690024,83.7,2.24572668198503,22.3,625,0.787563695764108,0.0411447439112735,75.8522718944668,1.50029000300119,0.21996879875195,5646
"187","Matt Ryan",2011,2008,0.772297173077823,0.11638703742783,79.4,1.96193220945072,15.4,651,0.905821684389687,0.103304957449785,80.730351371077,2.39272746788411,0.1603125,9661
"188","Kyler Murray",2021,2019,0.769139990270333,0.0754856356447893,82.9,2.87371957241887,17.6,582,0.794833545148877,0.0501598653424721,75.5458480565371,0.679140995148188,0.195219123505976,3670
"189","Russell Wilson",2016,2012,0.76831383077847,0.0649587337834537,83.8,4.9184033411965,15.8,701,0.906928024300898,0.0941193665854502,81.7031982670744,4.81271859477548,0.19652448657188,8157
"190","Tyrod Taylor",2015,2011,0.765101347776289,0.135939521059077,77,3.02252595229124,20.2,468,0.723827192317227,0.0405367941619109,71.7542250530786,0.646329738804245,0.206933911159263,2506
"191","Jimmy Garoppolo",2019,2014,0.761996629843036,0.129900283609459,77.3,1.80583679013782,22.7,589,0.851707203026036,0.130461860741263,72.7147266313933,0.465782544219835,0.210826210826211,2340
"192","Peyton Manning",2014,1998,0.7615800232382,0.133874585685857,76.9,2.80860786286878,12.7,662,0.981802038743403,0.202984716390671,87.4769541099344,4.3717511069132,0.112998040496408,5990
"193","Justin Herbert",2023,2020,0.761520823127701,0.040387092314511,85.5,-0.311126205103123,15.6,520,0.916847081363501,0.0880793321491553,83.5201348988259,0.290545894438753,0.168914123491838,4098
"194","Mac Jones",2025,2021,0.760076605492283,0.134709792766242,76.7,3.36727350950241,17.7,321,0.598007529460322,-0.0113088276733885,69.4293556085919,0.566731374720916,0.194719471947195,2162
"195","Brett Favre",2007,NA,0.759999128336356,0.153110636534363,75,4.00532036242278,8.7,615,0.709696801495401,0.0547414158678799,69.6072990126939,1.31839030701737,0.166666666666667,2855
"196","Tua Tagovailoa",2024,2020,0.759462286676272,0.20478378235234,70.2,3.78091796541337,21,435,0.829241027837772,0.0967667853471006,73.9006259204713,2.0909679449364,0.193504736129905,2733
"197","Matt Ryan",2015,2008,0.758965442636451,0.0880931361188461,80.9,0.164264802072869,14,657,0.905821684389687,0.103304957449785,80.730351371077,2.39272746788411,0.1603125,9661
"198","Deshaun Watson",2018,2017,0.754916222132558,0.0845216689493059,80.9,3.32553748179365,21.6,685,0.862672084678186,0.0777306943763373,78.5163334462894,2.46797888280481,0.216765453005927,3074
"199","Geno Smith",2023,2013,0.754694503766074,0.0625980259299183,82.9,2.44413599435051,13.9,553,0.620082236201769,-0.023721947980981,71.7340005560189,1.85478331579015,0.199714693295292,3719
"200","Joe Flacco",2014,2008,0.75438161306278,0.135115690284607,76.2,-0.320337538027996,9,659,0.62135294673375,0.00291451803018205,69.3721313461771,-0.559324360465622,0.171396140749149,8401
"201","Aaron Rodgers",2017,2005,0.75349156973591,0.101742336390954,79.2,0.847075255508097,22.4,276,0.964422122476818,0.163827268420847,85.178209317524,2.99957662314051,0.206874802901293,10789
"202","Tom Brady",2013,2000,0.753426511070197,0.103858292949289,79,-1.46036070288102,18.6,739,0.975974394325955,0.185820821703601,86.6869699306091,1.63802309922167,0.148623279098874,11871
"203","Matt Ryan",2008,2008,0.752917867717585,0.105586268253479,78.8,1.52040268749063,14.9,517,0.905821684389687,0.103304957449785,80.730351371077,2.39272746788411,0.1603125,9661
"204","Jimmy Garoppolo",2022,2014,0.752329263658761,0.185469337321052,71.4,-1.04548200672748,18.8,328,0.851707203026036,0.130461860741263,72.7147266313933,0.465782544219835,0.210826210826211,2340
"205","Russell Wilson",2014,2012,0.752179069886699,0.151658257399759,74.5,3.4563798725605,18.5,634,0.906928024300898,0.0941193665854502,81.7031982670744,4.81271859477548,0.19652448657188,8157
"206","Matthew Stafford",2011,2009,0.749128049993131,0.131620629567414,76.1,1.46651655731053,19.8,755,0.848358569582663,0.0779857511209702,77.2090909090909,-1.07672975651007,0.180039138943249,10152
"207","Tony Romo",2011,NA,0.74848225442732,0.147357735581529,74.6,4.42822078960415,20.5,565,0.888452665955759,0.138554442608871,75.5349141455437,3.60954522236787,0.171518987341772,4927
"208","Andrew Luck",2014,2012,0.746150634957994,0.093193808807412,79.4,0.449527157613067,9.4,807,0.864984268570616,0.0849663287576341,78.0720705064548,-1.17552394427875,0.123580494321977,4073
"209","Eli Manning",2012,2004,0.745378247257637,0.100133834242598,78.7,0.734903473975295,11.3,564,0.694153615545357,0.0282976552440639,71.1055609519184,-0.671334258350571,0.149146110056926,8283
"210","Jeff Garcia",2008,NA,0.743650218630479,0.0921308857283524,79.3,3.7141089408618,20.2,425,0.807147162822568,0.077851647004349,73.9191163210099,2.04653378110379,0.12807881773399,1121
"211","Andy Dalton",2018,2011,0.742680661356875,0.0630526842197885,81.9,-3.04161776431134,16.5,398,0.651017645246105,0.00911870113984911,70.4172870269428,-0.237496620137344,0.207317073170732,6547
"212","Trevor Lawrence",2022,2021,0.740442110141946,0.0969942580161161,78.6,0.612604673432861,14.8,733,0.758679645533799,0.0222559806540314,75.61973727422,-1.26979408718291,0.163561076604555,3168
"213","Chad Pennington",2008,NA,0.740425815100106,0.142611292122987,74.4,4.71412483785017,18.4,552,0.635852442550806,0.0515859108653396,65.7139827700464,4.56302006274083,0.209567198177677,1519
"214","Carson Wentz",2018,2016,0.739857143125303,0.0878046130645968,79.4,5.09624965865203,22.1,448,0.699974312784475,0.0246883244780608,71.7746132386508,-0.582893685404497,0.193265007320644,4099
"215","Daniel Jones",2025,2019,0.738928752294603,0.170672041231769,71.7,2.29714193229062,14.6,429,0.66402305786485,-0.000218385322785444,71.9906939558682,-0.0200274713027343,0.193836171938362,3348
"216","Philip Rivers",2014,2004,0.738457474763981,0.10399847504818,77.8,4.85918843989686,16.9,627,0.917394847674772,0.140416573109404,78.8187452677123,3.3383302806734,0.156499520919834,9390
"217","Kurt Warner",2008,NA,0.736810108600008,0.151493098077338,73.3,5.61470797591555,12.5,767,0.807258351527267,0.0815436597808323,73.5905864958107,4.46924263283082,0.140672782874618,2044
"218","Jared Goff",2017,2016,0.734599334306092,0.125725219016729,75.5,-1.68485611619189,14.1,560,0.833830196091678,0.0923319973753453,74.6770649825494,0.0756370606061197,0.15255905511811,6068
"219","Bo Nix",2025,2024,0.732478683842339,0.106559508470476,77.1,-1.42967851638794,9.5,730,0.861881158596125,0.0861384979850162,77.6760683760684,-0.575386329998215,0.112676056338028,1456
"220","Jeff Garcia",2007,NA,0.729748978771726,0.065163300943431,80.7,2.44882126565033,10.8,407,0.807147162822568,0.077851647004349,73.9191163210099,2.04653378110379,0.12807881773399,1121
"221","Jordan Love",2024,2020,0.729058145733115,0.117823171735227,75.8,0.170939254599649,9.3,492,0.946779582454491,0.165481911045013,81.1523153252481,1.86630226060992,0.112540192926045,1843
"222","Cam Newton",2012,2011,0.728644165733199,0.154417550793891,72.4,-1.63954820173482,17.7,555,0.749473134882384,0.0574489318781249,71.8133707865169,-1.50275250415999,0.187700534759358,6142
"223","Baker Mayfield",2018,2018,0.727121803828019,0.0358147061291435,83.2,1.32141025831639,16.2,531,0.799481316813573,0.0560112935566795,75.3476333907057,-0.523748714759328,0.209929078014184,4712
"224","Jalen Hurts",2025,2020,0.725551653298371,0.0834026852425044,78.7,2.36323640687864,16.3,569,0.918380040060316,0.115993794769591,81.179203539823,2.63807687881738,0.174137931034483,3699
"225","Eli Manning",2010,2004,0.724923785236419,0.0568081511523369,81.1,2.54689352709178,9.2,565,0.694153615545357,0.0282976552440639,71.1055609519184,-0.671334258350571,0.149146110056926,8283
"226","Jared Goff",2022,2016,0.723851764725895,0.150443303782835,72.4,-1.48492688279983,12.3,626,0.833830196091678,0.0923319973753453,74.6770649825494,0.0756370606061197,0.15255905511811,6068
"227","Ben Roethlisberger",2011,2004,0.722169761739828,0.115376553036029,75.5,2.40030726265777,22.5,613,0.872477730964763,0.103001646829373,77.1441827805985,2.37271850468163,0.201841620626151,9351
"228","Mac Jones",2021,2021,0.721891597396314,0.0662573395130995,80,2.53542693325015,18.2,609,0.598007529460322,-0.0113088276733885,69.4293556085919,0.566731374720916,0.194719471947195,2162
"229","Andrew Luck",2013,2012,0.721865280403353,0.092310493650138,77.6,-1.43059865441374,13.1,739,0.864984268570616,0.0849663287576341,78.0720705064548,-1.17552394427875,0.123580494321977,4073
"230","Nick Foles",2018,2012,0.720980897288612,0.102447868256997,76.6,2.86181486691489,11.9,278,0.518890232819552,-0.0271987566420665,66.7850060459492,0.585883137026518,0.154025670945158,2545
"231","Teddy Bridgewater",2021,2014,0.717964798490384,0.133656402250185,73.5,3.91055452970811,17.3,472,0.717285920985617,0.0486039204260432,70.6217661691542,2.27714308156756,0.183189655172414,2449
"232","Caleb Williams",2025,2024,0.716459593546635,0.0954884759878505,76.9,-4.0021231950106,9.6,737,0.701381243598724,0.0210409623745641,72.1899224806202,-2.2100649682254,0.185258964143426,1472
"233","Russell Wilson",2017,2012,0.714170398502816,0.0729833487877649,78.8,4.61885867398659,15.9,655,0.906928024300898,0.0941193665854502,81.7031982670744,4.81271859477548,0.19652448657188,8157
"234","Kurt Warner",2007,NA,0.713060175975103,0.0101549194138928,84.5,2.84047778528016,12.7,474,0.807258351527267,0.0815436597808323,73.5905864958107,4.46924263283082,0.140672782874618,2044
"235","Jay Cutler",2013,2006,0.711812435622266,0.0363058159493507,82,4.80343517661095,12.6,387,0.609306851373976,0.00151636696416419,68.8570619404349,0.853191268363745,0.174986580783682,5575
"236","Matthew Stafford",2013,2009,0.7107585144022,0.0560965630469809,80.1,-3.32204948267623,11.9,668,0.848358569582663,0.0779857511209702,77.2090909090909,-1.07672975651007,0.180039138943249,10152
"237","Baker Mayfield",2023,2018,0.70982017640782,0.0868464586607537,77.2,-0.201779632706351,19.4,728,0.799481316813573,0.0560112935566795,75.3476333907057,-0.523748714759328,0.209929078014184,4712
"238","Shaun Hill",2010,NA,0.706411750503043,0.0482528413518533,80.5,-2.03617831241239,13.2,448,0.639539375785743,0.0103838435057746,69.673150887574,-0.408555903662009,0.202409638554217,1360
"239","Matt Schaub",2012,2004,0.704815722735799,0.127371861148974,73.1,0.910388185574224,14.7,665,0.823389017341311,0.0775286493325375,75.1906028870648,2.2093969176906,0.152347209920283,3571
"240","Jalen Hurts",2021,2020,0.704034839796929,0.0832895737534755,77.1,-0.612751638467333,13.1,556,0.918380040060316,0.115993794769591,81.179203539823,2.63807687881738,0.174137931034483,3699
"241","Philip Rivers",2007,2004,0.702020000597678,0.0556074913119137,79.5,2.69678244058616,11.8,580,0.917394847674772,0.140416573109404,78.8187452677123,3.3383302806734,0.156499520919834,9390
"242","Tyrod Taylor",2016,2011,0.701743879268284,0.0977591760702407,75.6,2.21770922719585,19.4,529,0.723827192317227,0.0405367941619109,71.7542250530786,0.646329738804245,0.206933911159263,2506
"243","Nick Foles",2017,2012,0.700154257965785,0.12256994061307,73.2,4.08392135292438,10,215,0.518890232819552,-0.0271987566420665,66.7850060459492,0.585883137026518,0.154025670945158,2545
"244","Alex Smith",2016,2005,0.699799694717414,0.0766574961319,77.4,1.74209884717129,19.7,578,0.676150969530275,0.0309547597539487,69.8296921549156,-0.359460613402984,0.203784570596798,6155
"245","Tony Romo",2013,NA,0.698775266400681,0.0714991250036535,77.8,0.170206846827168,17.2,579,0.888452665955759,0.138554442608871,75.5349141455437,3.60954522236787,0.171518987341772,4927
"246","Carson Palmer",2006,2003,0.696858831410069,0.102575864269907,74.8,5.45323239506626,20.5,562,0.740883921606478,0.0567269516676051,71.333719938598,2.06947404338791,0.156570841889117,5904
"247","Jimmy Garoppolo",2021,2014,0.696322528404046,0.141264387901577,71.2,0.594517310340721,19.8,556,0.851707203026036,0.130461860741263,72.7147266313933,0.465782544219835,0.210826210826211,2340
"248","Bo Nix",2024,2024,0.695959362818382,0.0638396934319274,78.3,0.364635882138366,13.4,674,0.861881158596125,0.0861384979850162,77.6760683760684,-0.575386329998215,0.112676056338028,1456
"249","Tony Romo",2012,NA,0.694892580184053,0.110802168877655,73.9,2.71517539396882,16.6,693,0.888452665955759,0.138554442608871,75.5349141455437,3.60954522236787,0.171518987341772,4927
"250","Kirk Cousins",2022,2012,0.694493868314406,0.0518197318868992,79.3,2.02465098179304,17.1,740,0.840447634789991,0.0639162014045631,77.8174397314617,2.16821688592393,0.156331877729258,6663
"251","Dak Prescott",2022,2016,0.69329727175506,0.132361883960489,71.8,0.540576686092226,13.9,507,0.91826649078844,0.126672625636074,80.1896866606983,1.56837276878728,0.162627894453419,5757
"252","Geno Smith",2024,2013,0.692588424288545,0.0155546530738908,82.5,5.63953366897166,19.9,652,0.620082236201769,-0.023721947980981,71.7340005560189,1.85478331579015,0.199714693295292,3719
"253","Carson Palmer",2014,2003,0.691580248531065,0.127754198461305,72.1,0.329470246622007,10.3,238,0.740883921606478,0.0567269516676051,71.333719938598,2.06947404338791,0.156570841889117,5904
"254","Joe Flacco",2009,2008,0.691382663204004,0.0580664278083887,78.5,1.73009310696107,22.9,597,0.62135294673375,0.00291451803018205,69.3721313461771,-0.559324360465622,0.171396140749149,8401
"255","Alex Smith",2011,2005,0.691126364083938,0.0567790517311634,78.6,-1.6542475443692,22.3,594,0.676150969530275,0.0309547597539487,69.8296921549156,-0.359460613402984,0.203784570596798,6155
"256","Daniel Jones",2022,2019,0.687647854793357,0.08447983261134,75.8,1.42725288749216,18.7,650,0.66402305786485,-0.000218385322785444,71.9906939558682,-0.0200274713027343,0.193836171938362,3348
"257","Deshaun Watson",2017,2017,0.686454628456565,0.167206557712078,68.1,2.25913881665409,16.5,241,0.862672084678186,0.0777306943763373,78.5163334462894,2.46797888280481,0.216765453005927,3074
"258","Cam Newton",2013,2011,0.686358580357271,0.111722798986348,73.2,1.00584111623163,21.9,587,0.749473134882384,0.0574489318781249,71.8133707865169,-1.50275250415999,0.187700534759358,6142
"259","Kirk Cousins",2015,2012,0.684914785427528,0.136674548149822,70.8,5.17719049253367,14.2,626,0.840447634789991,0.0639162014045631,77.8174397314617,2.16821688592393,0.156331877729258,6663
"260","Andy Dalton",2022,2011,0.681507359692974,0.0112638370314569,82.1,0.617999202766261,21.2,415,0.651017645246105,0.00911870113984911,70.4172870269428,-0.237496620137344,0.207317073170732,6547
"261","Jimmy Garoppolo",2020,2014,0.680908561786591,0.169422572537716,67.5,0.244953148606895,28.9,155,0.851707203026036,0.130461860741263,72.7147266313933,0.465782544219835,0.210826210826211,2340
"262","Tom Brady",2006,2000,0.680809765965349,0.107418542954961,73.2,0.396754817014347,14.4,681,0.975974394325955,0.185820821703601,86.6869699306091,1.63802309922167,0.148623279098874,11871
"263","Sam Darnold",2024,2018,0.679817531903643,0.025168424834602,80.7,3.21635416429826,21.7,672,0.562658000739064,-0.0173987072537432,68.1403943830296,0.320302740433737,0.183641975308642,3427
"264","Donovan McNabb",2008,NA,0.676489919622255,0.0953977549134845,74,-0.536405614125514,13.9,747,0.700649329482049,0.0467187215252501,69.8044605809129,-1.44966205251565,0.192148760330579,2933
"265","Philip Rivers",2006,2004,0.674602302178278,0.111332006579534,72.4,0.85446225605748,17.9,537,0.917394847674772,0.140416573109404,78.8187452677123,3.3383302806734,0.156499520919834,9390
"266","Matthew Stafford",2017,2009,0.672567880536958,0.0424142844064501,78.6,0.630649695438998,20,628,0.848358569582663,0.0779857511209702,77.2090909090909,-1.07672975651007,0.180039138943249,10152
"267","Sam Bradford",2016,2010,0.672560945962917,0.0630515382451581,76.7,4.52221322580765,18.8,596,0.52832133695777,-0.052169890755728,69.5458036543822,-1.78140429316448,0.181399631675875,3238
"268","Sage Rosenfels",2007,NA,0.667835405180378,0.136586108038412,69.6,1.00146381144828,7.5,253,0.691174846153116,0.0827577970234043,65.9645962732919,2.19260013197669,0.113475177304965,492
"269","Colin Kaepernick",2013,2011,0.665747457410933,0.150210786874557,68.2,-1.58163362510821,21.6,599,0.638863710125316,0.0693191698095229,64.2599193909539,-1.84904335711243,0.217654171704958,2424
"270","Joe Burrow",2020,2020,0.665292747429944,0.0749009143578469,75.1,2.10073507409923,21.9,453,0.96144033799869,0.11969978598596,88.4529583211892,4.27018863413141,0.222836095764273,3504
"271","Geno Smith",2022,2013,0.663431611902983,0.02786064658428,79.3,5.91622968887713,21.1,693,0.620082236201769,-0.023721947980981,71.7340005560189,1.85478331579015,0.199714693295292,3719
"272","Jay Cutler",2015,2006,0.66320650225437,0.0733213032798666,75.1,2.27604582750225,14.4,527,0.609306851373976,0.00151636696416419,68.8570619404349,0.853191268363745,0.174986580783682,5575
"273","Vince Young",2009,2006,0.662084195703016,0.0985479276206125,72.7,-0.917974442947568,10.6,298,0.467286316164229,-0.00206187246685713,61.8527146464646,-0.975633373872729,0.176113360323887,1655
"274","David Garrard",2010,2002,0.661732438196722,0.0722075020520717,75.1,4.41700017995597,20.1,421,0.779489288723323,0.0599047501638168,73.5797187899446,3.11655915570993,0.192399049881235,2463
"275","Justin Herbert",2022,2020,0.660148122581503,0.0405918704950326,77.9,0.778771990928357,14.2,812,0.916847081363501,0.0880793321491553,83.5201348988259,0.290545894438753,0.168914123491838,4098
"276","Carson Palmer",2007,2003,0.659229830867515,0.0768395097713337,74.5,5.33236372876039,11.7,596,0.740883921606478,0.0567269516676051,71.333719938598,2.06947404338791,0.156570841889117,5904
"277","Teddy Bridgewater",2019,2014,0.659180094999767,0.0887530222586188,73.4,0.407689538868991,16.2,220,0.717285920985617,0.0486039204260432,70.6217661691542,2.27714308156756,0.183189655172414,2449
"278","Tom Brady",2019,2000,0.658524749982863,0.02741864628695,79,-2.53206731100393,13.7,680,0.975974394325955,0.185820821703601,86.6869699306091,1.63802309922167,0.148623279098874,11871
"279","Alex Smith",2012,2005,0.657772944347798,0.14636288674491,68,5.23369885776021,33.3,256,0.676150969530275,0.0309547597539487,69.8296921549156,-0.359460613402984,0.203784570596798,6155
"280","David Garrard",2008,2002,0.656785450248363,0.0554456995634964,76.3,3.38284806720204,20.2,616,0.779489288723323,0.0599047501638168,73.5797187899446,3.11655915570993,0.192399049881235,2463
"281","Alex Smith",2014,2005,0.656573573294263,0.0922259549956016,72.9,-1.32050865509531,23,546,0.676150969530275,0.0309547597539487,69.8296921549156,-0.359460613402984,0.203784570596798,6155
"282","Matthew Stafford",2024,2009,0.656484215566396,0.0726027780684284,74.7,-0.835492637073785,17.5,628,0.848358569582663,0.0779857511209702,77.2090909090909,-1.07672975651007,0.180039138943249,10152
"283","Kurt Warner",2009,NA,0.655841001172064,0.0699472858904025,74.9,5.1218911926163,14.4,604,0.807258351527267,0.0815436597808323,73.5905864958107,4.46924263283082,0.140672782874618,2044
"284","Ryan Fitzpatrick",2014,2005,0.655675536459943,0.0741689971309512,74.5,0.344938645439763,14.9,365,0.579017019221932,0.0214060981796244,65.4498023005032,-0.630337029579215,0.160486995019369,5674
"285","Ryan Tannehill",2013,2012,0.653854451978538,0.00870417210191131,80.4,0.118186936662015,26.6,661,0.787563695764108,0.0411447439112735,75.8522718944668,1.50029000300119,0.21996879875195,5646
"286","Philip Rivers",2019,2004,0.652799510742246,0.0741885634229971,74.3,3.71505078417616,15.1,633,0.917394847674772,0.140416573109404,78.8187452677123,3.3383302806734,0.156499520919834,9390
"287","Lamar Jackson",2025,2018,0.651320023089606,0.0763427676063115,74,1.75868267129207,23.1,368,0.947985789496349,0.151695555005889,82.6389319092123,1.71496895980152,0.186909090909091,4479
"288","Derek Carr",2021,2014,0.651150280927431,0.0371038706201479,77.6,1.57176125508088,17.1,744,0.755940936656482,0.0328710814177297,74.4728541964144,0.476696190573837,0.159458051068265,6369
"289","Dak Prescott",2018,2016,0.650414577616851,0.0669756642068721,74.8,0.707757991963419,23.4,680,0.91826649078844,0.126672625636074,80.1896866606983,1.56837276878728,0.162627894453419,5757
"290","Jameis Winston",2018,2015,0.649687992441554,0.119670130973127,69.9,2.20036540609902,18,441,0.745561601925387,0.0720905685325468,70.2280481137233,0.952603131156615,0.172628304821151,3739
"291","Justin Herbert",2025,2020,0.649191316026518,0.0312976600965796,78,1.3245313335921,20.8,660,0.916847081363501,0.0880793321491553,83.5201348988259,0.290545894438753,0.168914123491838,4098
"292","Drew Brees",2020,2001,0.648722513507375,0.101567881759782,71.5,0.427353786997381,10.7,478,0.972869350048072,0.178803718600378,86.2635875620379,4.13183080485271,0.133609333835152,9937
"293","Donovan McNabb",2006,NA,0.647173709978028,0.105848147275233,71,-2.46994248073962,16.3,358,0.700649329482049,0.0467187215252501,69.8044605809129,-1.44966205251565,0.192148760330579,2933
"294","Tony Romo",2009,NA,0.64682733650419,0.144702980037738,67.4,0.489080292560148,19.5,676,0.888452665955759,0.138554442608871,75.5349141455437,3.60954522236787,0.171518987341772,4927
"295","Tom Brady",2022,2000,0.643746793016304,0.0326863685120873,77.5,-0.566524381671722,14.5,829,0.975974394325955,0.185820821703601,86.6869699306091,1.63802309922167,0.148623279098874,11871
"296","Ryan Tannehill",2022,2012,0.642909467765666,0.0603141658854118,74.9,0.53877252321514,24.4,374,0.787563695764108,0.0411447439112735,75.8522718944668,1.50029000300119,0.21996879875195,5646
"297","Derek Carr",2023,2014,0.64234710754411,0.0349097511384883,77.2,3.03275788890244,17.1,588,0.755940936656482,0.0328710814177297,74.4728541964144,0.476696190573837,0.159458051068265,6369
"298","Russell Wilson",2024,2012,0.637321379950204,0.00621317096105553,79.5,5.1040163753256,23.1,426,0.906928024300898,0.0941193665854502,81.7031982670744,4.81271859477548,0.19652448657188,8157
"299","Matt Ryan",2019,2008,0.637134830504019,0.0441016292055555,76,1.8014334622076,17.8,686,0.905821684389687,0.103304957449785,80.730351371077,2.39272746788411,0.1603125,9661
"300","Jared Goff",2019,2016,0.636737279878801,0.0829213158978257,72.4,-1.78864677812554,9.2,662,0.833830196091678,0.0923319973753453,74.6770649825494,0.0756370606061197,0.15255905511811,6068
"301","Jameis Winston",2016,2015,0.636102159315906,0.0868000061233445,72,1.65731390405978,14.6,632,0.745561601925387,0.0720905685325468,70.2280481137233,0.952603131156615,0.172628304821151,3739
"302","Joe Flacco",2012,2008,0.635758319311565,0.0724233825716788,73.3,0.491163540141663,18.5,705,0.62135294673375,0.00291451803018205,69.3721313461771,-0.559324360465622,0.171396140749149,8401
"303","Tyrod Taylor",2017,2011,0.635418594341237,0.0243699015063532,77.7,0.150691712862693,22.5,552,0.723827192317227,0.0405367941619109,71.7542250530786,0.646329738804245,0.206933911159263,2506
"304","Trent Edwards",2008,NA,0.634426549155824,0.0279870928101183,77.3,2.4737801111612,20,416,0.402129945587347,-0.0931205078880416,66.7808429118774,-0.678550324269703,0.194285714285714,1059
"305","Jameis Winston",2017,2015,0.63120986329251,0.0647413109924838,73.7,4.92592078515853,19.9,500,0.745561601925387,0.0720905685325468,70.2280481137233,0.952603131156615,0.172628304821151,3739
"306","Marcus Mariota",2018,2015,0.630961490948517,0.0308795623900103,76.8,3.44679635076137,29.8,409,0.702020087260064,0.043041295815381,70.2204696810375,1.26654699106393,0.233261339092873,3062
"307","Ryan Tannehill",2014,2012,0.629747968359456,0.0430293467261796,75.6,2.22951323807645,18.5,644,0.787563695764108,0.0411447439112735,75.8522718944668,1.50029000300119,0.21996879875195,5646
"308","Matt Ryan",2013,2008,0.62890528025217,0.0315490225344548,76.6,2.83406733443696,15.2,703,0.905821684389687,0.103304957449785,80.730351371077,2.39272746788411,0.1603125,9661
"309","Ryan Fitzpatrick",2013,2005,0.621760066193886,0.11869349335954,68.1,1.03897196349016,14.3,399,0.579017019221932,0.0214060981796244,65.4498023005032,-0.630337029579215,0.160486995019369,5674
"310","Mitchell Trubisky",2022,2017,0.620249628377593,0.0252491159393164,76.6,1.6080367026356,19.3,195,0.578425643976307,0.0201044903048411,65.5377222489188,-0.648449227031768,0.1953125,2354
"311","Trevor Lawrence",2024,2021,0.617397701539152,0.0210102378723744,76.8,-0.968420406913056,20,317,0.758679645533799,0.0222559806540314,75.61973727422,-1.26979408718291,0.163561076604555,3168
"312","Blake Bortles",2017,2014,0.616150904983816,0.100505823009803,69.4,-3.15181071176225,12.1,671,0.407929868817881,-0.0236951983358351,60.7524983776768,-4.60563397837235,0.186915887850467,3194
"313","Aaron Rodgers",2024,2005,0.613918497172799,0.00763157278528628,77.8,-2.58397926694491,22.5,643,0.964422122476818,0.163827268420847,85.178209317524,2.99957662314051,0.206874802901293,10789
"314","Jay Cutler",2007,2006,0.613664381286337,0.0845861805584269,70.7,2.08144542483384,18.4,507,0.609306851373976,0.00151636696416419,68.8570619404349,0.853191268363745,0.174986580783682,5575
"315","Teddy Bridgewater",2014,2014,0.611496718972556,0.0297873600182764,75.6,0.0150030347132924,20.7,474,0.717285920985617,0.0486039204260432,70.6217661691542,2.27714308156756,0.183189655172414,2449
"316","Joe Burrow",2023,2020,0.610634956937058,0.00417842171227828,77.9,1.23375170675778,19.5,403,0.96144033799869,0.11969978598596,88.4529583211892,4.27018863413141,0.222836095764273,3504
"317","C.J. Stroud",2024,2023,0.610379855930419,-0.0177342160195848,79.9,-1.21444905003261,23,703,0.808322455512967,0.0502852662476123,76.5215425531915,-0.894767989241888,0.185185185185185,1904
"318","Andy Dalton",2016,2011,0.610219156133549,0.0831900089054084,70.6,2.81222276527063,22.7,627,0.651017645246105,0.00911870113984911,70.4172870269428,-0.237496620137344,0.207317073170732,6547
"319","Ryan Fitzpatrick",2019,2005,0.608969541342916,0.0181905197016965,76.5,-0.545832233665923,17.4,580,0.579017019221932,0.0214060981796244,65.4498023005032,-0.630337029579215,0.160486995019369,5674
"320","Jason Campbell",2011,2005,0.608556176142402,0.0700429595453221,71.7,2.72631840205487,8.2,178,0.553235691292,0.00251091050230061,65.8374911660777,-0.640867397001132,0.178010471204188,2866
"321","Matthew Stafford",2018,2009,0.607895221050929,0.00329449371662508,77.8,-2.11002508945325,21.5,608,0.848358569582663,0.0779857511209702,77.2090909090909,-1.07672975651007,0.180039138943249,10152
"322","Trevor Lawrence",2023,2021,0.60717859634116,-0.0178628106476269,79.7,0.90325108418862,18.4,645,0.758679645533799,0.0222559806540314,75.61973727422,-1.26979408718291,0.163561076604555,3168
"323","Aaron Rodgers",2015,2005,0.606320108104368,0.0293247019006741,75.3,-0.93715165935585,17.9,745,0.964422122476818,0.163827268420847,85.178209317524,2.99957662314051,0.206874802901293,10789
"324","Joe Flacco",2010,2008,0.604747624934353,0.0510122423819857,73.2,2.61163040455701,24.1,618,0.62135294673375,0.00291451803018205,69.3721313461771,-0.559324360465622,0.171396140749149,8401
"325","Carson Wentz",2019,2016,0.602746183243722,0.0137255435475531,76.5,-0.767416508249528,15.6,679,0.699974312784475,0.0246883244780608,71.7746132386508,-0.582893685404497,0.193265007320644,4099
"326","Matt Schaub",2008,2004,0.602706982370265,0.0723657994745227,71.1,4.97358320357039,17.8,416,0.823389017341311,0.0775286493325375,75.1906028870648,2.2093969176906,0.152347209920283,3571
"327","Cam Newton",2011,2011,0.602607105629817,0.113579414676184,67.3,-0.357465539676501,16.8,600,0.749473134882384,0.0574489318781249,71.8133707865169,-1.50275250415999,0.187700534759358,6142
"328","Shaun Hill",2008,NA,0.601724051582487,0.086872661658252,69.7,3.34563728765393,24.2,325,0.639539375785743,0.0103838435057746,69.673150887574,-0.408555903662009,0.202409638554217,1360
"329","Jake Locker",2013,2011,0.59715083268911,0.0781735357471524,70.2,1.39293982596188,19.3,213,0.514423081781525,-0.0132069487759011,65.280119760479,-2.38622127265332,0.212765957446809,856
"330","Marcus Mariota",2017,2015,0.595834063139264,0.0120476610405629,76.2,0.808222274024426,20.3,588,0.702020087260064,0.043041295815381,70.2204696810375,1.26654699106393,0.233261339092873,3062
"331","Eli Manning",2014,2004,0.595432987101589,0.0693437190733286,70.9,0.833179187312295,15.5,635,0.694153615545357,0.0282976552440639,71.1055609519184,-0.671334258350571,0.149146110056926,8283
"332","Damon Huard",2006,NA,0.595337307782916,0.0768807000014265,70.2,-3.27462158773256,20.3,262,0.477633318183392,-0.06767978638751,68.3687845303867,0.8462621602433,0.268722466960352,734
"333","Donovan McNabb",2009,NA,0.595001287193664,0.0668632636056841,71.1,-0.575890667065019,26,537,0.700649329482049,0.0467187215252501,69.8044605809129,-1.44966205251565,0.192148760330579,2933
"334","Alex Smith",2013,2005,0.593827219421391,0.0801510960026393,69.8,-1.67919727783221,18.3,645,0.676150969530275,0.0309547597539487,69.8296921549156,-0.359460613402984,0.203784570596798,6155
"335","Cam Newton",2018,2011,0.593251332495991,0.0677902882359705,70.9,3.0426969284003,16.7,531,0.749473134882384,0.0574489318781249,71.8133707865169,-1.50275250415999,0.187700534759358,6142
"336","Mitchell Trubisky",2018,2017,0.591578068630893,0.14591112858463,63.6,1.67313466363086,16,544,0.578425643976307,0.0201044903048411,65.5377222489188,-0.648449227031768,0.1953125,2354
"337","Vince Young",2010,2006,0.591565452945229,0.106789947412508,67.2,1.66951161238455,22,182,0.467286316164229,-0.00206187246685713,61.8527146464646,-0.975633373872729,0.176113360323887,1655
"338","Taysom Hill",2021,NA,0.591217394817466,0.0217994289513858,75,-7.09601321558314,14.5,160,0.78758456357668,0.0851327100318735,71.8408854166667,-1.06793671546366,0.205479452054795,847
"339","Kenny Pickett",2022,2022,0.589524255304208,0.015164468275002,75.5,0.818129069598387,19.3,444,0.541289859996523,-0.0646188601933927,71.3467177242888,-0.906855467496974,0.19496855345912,951
"340","Matt Cassel",2010,2005,0.589134792279527,0.0963717624747469,68,-0.964132943651178,15.7,519,0.354325884367392,-0.0549802196984239,60.7363427445831,-2.15813261771977,0.216547497446374,3086
"341","Cody Kessler",2016,2016,0.588668403719812,0.0862626973813609,68.9,4.70083505695403,20,221,0.397378964510809,-0.0555517231897081,63.1028571428571,3.15937220605452,0.253886010362694,427
"342","Matt Hasselbeck",2007,1998,0.587120298542987,0.0601762307429994,71.2,2.24918058400162,19.4,681,0.520380978669655,-0.0372756484573726,67.7805502063274,-1.22834841806829,0.216981132075472,3654
"343","Matt Cassel",2008,2005,0.58682484711486,0.15448795197219,62.5,1.37435814450243,28,602,0.354325884367392,-0.0549802196984239,60.7363427445831,-2.15813261771977,0.216547497446374,3086
"344","Marc Bulger",2006,NA,0.586034960175979,0.0659256504217999,70.6,1.63514981509516,28.7,642,0.342528029448101,-0.0857579029999031,62.8936499171728,-2.13441434874899,0.288981288981289,1813
"345","Jake Delhomme",2008,NA,0.585372017601576,-0.00190393354634586,76.8,-1.67677442549573,19.3,475,0.400318081021712,-0.0635135794077754,63.9843889955214,-0.885807887025964,0.189125295508274,1569
"346","Kyler Murray",2025,2019,0.585058078220944,0.047850433667854,72.2,-0.52878065094067,23.9,195,0.794833545148877,0.0501598653424721,75.5458480565371,0.679140995148188,0.195219123505976,3670
"347","Todd Collins",2007,NA,0.584225907589256,0.045088327752046,72.4,2.90925168718388,18.5,167,NA,NA,NA,NA,NA,NA
"348","Kirk Cousins",2024,2012,0.58422471733156,0.0244449281560275,74.3,0.958732513868563,17.3,485,0.840447634789991,0.0639162014045631,77.8174397314617,2.16821688592393,0.156331877729258,6663
"349","Philip Rivers",2016,2004,0.581801183703145,0.0618427107115218,70.7,0.214778698211887,14.4,622,0.917394847674772,0.140416573109404,78.8187452677123,3.3383302806734,0.156499520919834,9390
"350","Joe Flacco",2018,2008,0.581421431564784,0.0474504164142306,72,-2.61227802694005,14.2,400,0.62135294673375,0.00291451803018205,69.3721313461771,-0.559324360465622,0.171396140749149,8401
"351","Russell Wilson",2021,2012,0.580794543375343,0.0263648413927651,73.9,3.19633394711376,20,460,0.906928024300898,0.0941193665854502,81.7031982670744,4.81271859477548,0.19652448657188,8157
"352","Cam Newton",2014,2011,0.580079411815984,0.00195773110637656,76.1,-2.56330852794368,19.2,593,0.749473134882384,0.0574489318781249,71.8133707865169,-1.50275250415999,0.187700534759358,6142
"353","Andy Dalton",2013,2011,0.579364035353808,0.0612073132188822,70.6,1.06790761872766,18.3,697,0.651017645246105,0.00911870113984911,70.4172870269428,-0.237496620137344,0.207317073170732,6547
"354","Marcus Mariota",2016,2015,0.575060050991605,0.099456859005879,66.8,1.37488646496401,15.8,499,0.702020087260064,0.043041295815381,70.2204696810375,1.26654699106393,0.233261339092873,3062
"355","Philip Rivers",2015,2004,0.574040840545555,0.0650589937343563,69.9,2.73732583048523,14.3,711,0.917394847674772,0.140416573109404,78.8187452677123,3.3383302806734,0.156499520919834,9390
"356","Aaron Rodgers",2022,2005,0.572174229390211,-0.018825124595145,77.5,0.547041147947311,20.4,588,0.964422122476818,0.163827268420847,85.178209317524,2.99957662314051,0.206874802901293,10789
"357","Justin Fields",2024,2021,0.571585380771402,0.0513799017781957,71,2.03074514865875,20.3,197,0.55467566731737,-0.0399573095472281,69.7859649122807,-0.835407857894897,0.229274611398964,1969
"358","Lamar Jackson",2021,2018,0.571545224317608,0.060043259269872,70.2,0.679499481244871,21.8,470,0.947985789496349,0.151695555005889,82.6389319092123,1.71496895980152,0.186909090909091,4479
"359","Baker Mayfield",2025,2018,0.570780688410019,0.0616784954313698,70,-2.11614655928096,16.2,630,0.799481316813573,0.0560112935566795,75.3476333907057,-0.523748714759328,0.209929078014184,4712
"360","Alex Smith",2015,2005,0.569713916094368,0.0696201957188707,69.2,0.140290376369354,19.7,656,0.676150969530275,0.0309547597539487,69.8296921549156,-0.359460613402984,0.203784570596798,6155
"361","Carson Palmer",2011,2003,0.56965470118297,0.101085641043079,66.3,2.77070904755516,16.2,350,0.740883921606478,0.0567269516676051,71.333719938598,2.06947404338791,0.156570841889117,5904
"362","Russell Wilson",2023,2012,0.569155606689079,-0.0209475136207154,77.5,4.85304437487958,20.6,530,0.906928024300898,0.0941193665854502,81.7031982670744,4.81271859477548,0.19652448657188,8157
"363","Matt Ryan",2009,2008,0.567679940412416,0.0986119801596694,66.4,-0.669365374505382,15.2,482,0.905821684389687,0.103304957449785,80.730351371077,2.39272746788411,0.1603125,9661
"364","Colt McCoy",2010,2010,0.567430771753438,0.00500229983839984,75,1.96520924568176,29.5,261,0.344853374610638,-0.0603262566662837,60.7024630541872,-0.673491647118642,0.251101321585903,1461
"365","Carson Palmer",2016,2003,0.56500024655131,0.0206799407438769,73.4,0.393785204871199,16.2,644,0.740883921606478,0.0567269516676051,71.333719938598,2.06947404338791,0.156570841889117,5904
"366","Seneca Wallace",2008,2003,0.564686324336415,0.034583634953368,72.1,-3.00469672928254,13.2,265,0.347867735989342,-0.0644543537235602,61.2455934195065,-2.19677365107278,0.195121951219512,867
"367","Jason Campbell",2007,2005,0.563562847896654,0.0251043462523841,72.9,1.64943230361795,15.2,460,0.553235691292,0.00251091050230061,65.8374911660777,-0.640867397001132,0.178010471204188,2866
"368","Matthew Stafford",2012,2009,0.561890041655763,0.0163270287568964,73.6,-2.544393199483,13.8,775,0.848358569582663,0.0779857511209702,77.2090909090909,-1.07672975651007,0.180039138943249,10152
"369","Kirk Cousins",2018,2012,0.560639006260517,-0.0464767574648941,79.3,2.61061816803507,15.4,669,0.840447634789991,0.0639162014045631,77.8174397314617,2.16821688592393,0.156331877729258,6663
"370","Ben Roethlisberger",2020,2004,0.560632098150248,0.0654227940805905,69,-0.527425154557214,9,694,0.872477730964763,0.103001646829373,77.1441827805985,2.37271850468163,0.201841620626151,9351
"371","Sam Darnold",2022,2018,0.559959922194756,0.138830863373726,62.2,4.89283502101898,16.4,162,0.562658000739064,-0.0173987072537432,68.1403943830296,0.320302740433737,0.183641975308642,3427
"372","Jameis Winston",2019,2015,0.558416900235011,0.0703912050644694,68.4,0.666849717300459,20.2,705,0.745561601925387,0.0720905685325468,70.2280481137233,0.952603131156615,0.172628304821151,3739
"373","Jameis Winston",2015,2015,0.557942885299719,0.0841834915079787,67.1,-0.0207041039666296,12,597,0.745561601925387,0.0720905685325468,70.2280481137233,0.952603131156615,0.172628304821151,3739
"374","Ryan Fitzpatrick",2015,2005,0.557520093514856,0.120827114762154,63.7,-1.52664933885847,8.9,615,0.579017019221932,0.0214060981796244,65.4498023005032,-0.630337029579215,0.160486995019369,5674
"375","Derek Carr",2015,2014,0.556244650612894,-0.0136980156340858,76,-2.77586685647445,16.9,621,0.755940936656482,0.0328710814177297,74.4728541964144,0.476696190573837,0.159458051068265,6369
"376","Ryan Tannehill",2016,2012,0.551290054831428,0.00239782661165944,74.2,5.3111075259882,17,435,0.787563695764108,0.0411447439112735,75.8522718944668,1.50029000300119,0.21996879875195,5646
"377","Carson Wentz",2021,2016,0.550968217740947,0.0380261185894391,70.9,-2.12075262662151,15.2,575,0.699974312784475,0.0246883244780608,71.7746132386508,-0.582893685404497,0.193265007320644,4099
"378","Matt Schaub",2007,2004,0.549982186753209,-0.0647881002049722,80.3,5.78631844533526,14.4,313,0.823389017341311,0.0775286493325375,75.1906028870648,2.2093969176906,0.152347209920283,3571
"379","Jayden Daniels",2025,2024,0.548555100019579,-0.00711497744848301,74.9,-2.72908712598099,18.6,244,0.959360659908009,0.133575555742011,86.6910204081633,1.87613955043718,0.194366197183099,1078
"380","Gardner Minshew",2020,2019,0.547408479655865,0.0692237060535723,67.8,4.27442129375865,20.8,378,0.518247231990354,-0.00548788531436491,64.7715145436309,-1.19140440113208,0.190611664295875,2012
"381","Carson Palmer",2010,2003,0.544081662233138,0.0212752480268829,72,0.775185539338828,15,621,0.740883921606478,0.0567269516676051,71.333719938598,2.06947404338791,0.156570841889117,5904
"382","Jared Goff",2020,2016,0.540696385788785,0.0265243422971572,71.3,0.909711030329887,14.5,651,0.833830196091678,0.0923319973753453,74.6770649825494,0.0756370606061197,0.15255905511811,6068
"383","Tua Tagovailoa",2021,2020,0.540028337381116,0.0586531583521007,68.3,1.92541968665625,14.4,428,0.829241027837772,0.0967667853471006,73.9006259204713,2.0909679449364,0.193504736129905,2733
"384","Kirk Cousins",2025,2012,0.538623630440045,-0.0259803808222388,76,-2.79932229542265,12.6,289,0.840447634789991,0.0639162014045631,77.8174397314617,2.16821688592393,0.156331877729258,6663
"385","Daniel Jones",2020,2019,0.538493035047127,-0.0521459910927966,78.4,-2.24334277143633,21.6,516,0.66402305786485,-0.000218385322785444,71.9906939558682,-0.0200274713027343,0.193836171938362,3348
"386","Brandon Weeden",2015,2012,0.53822585552349,0.0639184409247357,67.7,4.36875633627391,25.6,159,0.283865949457034,-0.0505387790402166,56.3003762935089,-3.17644766331967,0.204334365325077,1075
"387","Matthew Stafford",2014,2009,0.534110102438225,0.0534532576419952,68.4,-4.48628875707823,21.1,711,0.848358569582663,0.0779857511209702,77.2090909090909,-1.07672975651007,0.180039138943249,10152
"388","Jason Campbell",2008,2005,0.529772608582335,-0.00170774159237053,73.2,-1.74605194217934,21.3,572,0.553235691292,0.00251091050230061,65.8374911660777,-0.640867397001132,0.178010471204188,2866
"389","Baker Mayfield",2019,2018,0.529703756599866,-0.0191387285012046,74.8,-2.95522035213939,20.2,592,0.799481316813573,0.0560112935566795,75.3476333907057,-0.523748714759328,0.209929078014184,4712
"390","Teddy Bridgewater",2020,2014,0.528931247205636,0.0759328503213153,66,4.03864740817023,17.9,560,0.717285920985617,0.0486039204260432,70.6217661691542,2.27714308156756,0.183189655172414,2449
"391","Sam Bradford",2015,2010,0.528551371113831,-0.0318893092668498,75.9,-0.263287532645047,15.3,570,0.52832133695777,-0.052169890755728,69.5458036543822,-1.78140429316448,0.181399631675875,3238
"392","Marcus Mariota",2025,2015,0.528141946735422,0.0167169029568966,71.4,3.19710616554533,18.2,262,0.702020087260064,0.043041295815381,70.2204696810375,1.26654699106393,0.233261339092873,3062
"393","Nick Mullens",2018,NA,0.527942387688797,0.0904570836355967,64.6,1.93676142400252,15.6,292,0.551881413069736,0.0700412319097937,59.6071510957324,1.50794271770341,0.148606811145511,879
"394","Derek Carr",2018,2014,0.526610786783707,-0.00390132649060131,73.2,3.79729390651382,27.9,612,0.755940936656482,0.0328710814177297,74.4728541964144,0.476696190573837,0.159458051068265,6369
"395","Mark Sanchez",2010,2009,0.522937038985722,0.0131074861490855,71.4,-4.64491917797584,16.9,639,0.245949507416896,-0.0900688384403283,57.5439338235294,-4.24661664741505,0.221789883268482,2774
"396","Cam Newton",2017,2011,0.519226716829011,0.0398703631396853,68.7,-2.0877165461962,20.1,603,0.749473134882384,0.0574489318781249,71.8133707865169,-1.50275250415999,0.187700534759358,6142
"397","Donovan McNabb",2007,NA,0.517278659349352,0.0667685295442521,66.1,-0.584046260375809,22.3,546,0.700649329482049,0.0467187215252501,69.8044605809129,-1.44966205251565,0.192148760330579,2933
"398","Andrew Luck",2012,2012,0.513664091244472,0.0577465187989447,66.7,-4.66529747221007,15.2,764,0.864984268570616,0.0849663287576341,78.0720705064548,-1.17552394427875,0.123580494321977,4073
"399","Eli Manning",2015,2004,0.513240305279928,0.0683175798064667,65.7,-1.25324360171302,12.2,653,0.694153615545357,0.0282976552440639,71.1055609519184,-0.671334258350571,0.149146110056926,8283
"400","Kyle Orton",2010,2005,0.511362275133539,0.0420289342965161,68,-1.8891123383634,19.9,545,0.480820090373252,0.00204296155455509,62.1713095238095,-1.61266489602616,0.181695827725437,2544
"401","Justin Fields",2023,2021,0.509424602423725,-0.0310181892319264,74.6,0.792793191112248,19.3,456,0.55467566731737,-0.0399573095472281,69.7859649122807,-0.835407857894897,0.229274611398964,1969
"402","Taysom Hill",2020,NA,0.508748635502525,0.0434789703538006,67.7,6.81187245300261,25.9,155,0.78758456357668,0.0851327100318735,71.8408854166667,-1.06793671546366,0.205479452054795,847
"403","Bryce Young",2024,2023,0.508376523109459,-0.0295707796187558,74.4,0.665414748417634,16.9,450,0.378299779349147,-0.101680233906814,66.2955367913148,-0.158362160790655,0.186046511627907,1667
"404","Chad Henne",2009,2008,0.507900048684257,0.0168167794343819,70.1,-0.0909439332029793,24.1,484,0.401977714255495,-0.0513305108031983,62.9604806408545,-1.68985523982438,0.211781206171108,2284
"405","Kerry Collins",2010,NA,0.50577300340092,0.0381600238665246,68,-0.848852229954132,13.4,292,0.398050441568845,-0.0570100972771377,63.2713836477987,-3.20664561665629,0.111111111111111,1292
"406","Tyrod Taylor",2023,2011,0.504181146567619,0.000118999915869093,71.4,4.38499879546282,19.5,224,0.723827192317227,0.0405367941619109,71.7542250530786,0.646329738804245,0.206933911159263,2506
"407","Carson Wentz",2016,2016,0.50321042044601,0.0157439474526106,69.9,-0.862438241640727,17.3,662,0.699974312784475,0.0246883244780608,71.7746132386508,-0.582893685404497,0.193265007320644,4099
"408","Sam Bradford",2012,2010,0.502863068519433,0.0100713080129303,70.4,-2.1071966868827,18.3,605,0.52832133695777,-0.052169890755728,69.5458036543822,-1.78140429316448,0.181399631675875,3238
"409","Joe Flacco",2011,2008,0.502341312871289,0.0651191946598439,65.3,-1.64197818731945,18.8,657,0.62135294673375,0.00291451803018205,69.3721313461771,-0.559324360465622,0.171396140749149,8401
"410","Cam Newton",2020,2011,0.502092829265289,0.00410601122413307,70.9,-1.02360976833693,23.8,420,0.749473134882384,0.0574489318781249,71.8133707865169,-1.50275250415999,0.187700534759358,6142
"411","Jay Cutler",2012,2006,0.49918935551642,-0.0163729652815106,72.6,-1.06290197729515,20.5,496,0.609306851373976,0.00151636696416419,68.8570619404349,0.853191268363745,0.174986580783682,5575
"412","Matt Barkley",2016,2013,0.499122947584178,-0.0207647236574625,73,-0.87175719266714,9.7,223,NA,NA,NA,NA,NA,NA
"413","C.J. Stroud",2025,2023,0.498925725463658,0.0660148204624814,65,-1.61522328853607,13.9,559,0.808322455512967,0.0502852662476123,76.5215425531915,-0.894767989241888,0.185185185185185,1904
"414","Dak Prescott",2017,2016,0.498880456310921,-0.0122409343118802,72.2,-0.240988364729149,15.8,554,0.91826649078844,0.126672625636074,80.1896866606983,1.56837276878728,0.162627894453419,5757
"415","Ryan Fitzpatrick",2017,2005,0.496500573471885,0.0328294330462125,67.9,-1.61161082131522,11.3,180,0.579017019221932,0.0214060981796244,65.4498023005032,-0.630337029579215,0.160486995019369,5674
"416","Matt Hasselbeck",2010,1998,0.49583557251813,-0.0349907169296183,74.1,-1.12717436958653,22.7,566,0.520380978669655,-0.0372756484573726,67.7805502063274,-1.22834841806829,0.216981132075472,3654
"417","Matt Ryan",2021,2008,0.494930021742532,-0.0421361365012628,74.7,1.75923634169286,16.3,617,0.905821684389687,0.103304957449785,80.730351371077,2.39272746788411,0.1603125,9661
"418","Jason Campbell",2010,2005,0.494377461737905,0.0400516649770421,67.1,-0.138733103687381,21.4,387,0.553235691292,0.00251091050230061,65.8374911660777,-0.640867397001132,0.178010471204188,2866
"419","Jacoby Brissett",2025,2016,0.494306977306199,0.00197711921212581,70.6,1.63531999228037,19.1,550,0.556698108916376,-0.0180830323167027,67.8948222565688,-1.2221675388783,0.188177339901478,2672
"420","Josh McCown",2017,2002,0.494209157420219,0.0312435771661803,67.9,5.53414226736429,22,455,0.420879845217913,-0.0159648682673421,60.7247076023392,0.236423726068185,0.201492537313433,2085
"421","Joe Flacco",2024,2008,0.492442681289277,-0.010177726653975,71.6,1.06912080414039,23.1,270,0.62135294673375,0.00291451803018205,69.3721313461771,-0.559324360465622,0.171396140749149,8401
"422","Teddy Bridgewater",2015,2014,0.487675319467353,0.0158561951252376,68.9,3.21708453052184,18.3,547,0.717285920985617,0.0486039204260432,70.6217661691542,2.27714308156756,0.183189655172414,2449
"423","Jameis Winston",2024,2015,0.486280085743381,-0.0383459425373116,73.8,-1.77495177421305,23.3,329,0.745561601925387,0.0720905685325468,70.2280481137233,0.952603131156615,0.172628304821151,3739
"424","Alex Smith",2018,2005,0.485270617996769,6.7236525766959e-05,70.2,-1.70179659885073,18.5,374,0.676150969530275,0.0309547597539487,69.8296921549156,-0.359460613402984,0.203784570596798,6155
"425","Mitchell Trubisky",2020,2017,0.483706035156904,0.0717758412488574,63.5,1.23979216441512,20.2,367,0.578425643976307,0.0201044903048411,65.5377222489188,-0.648449227031768,0.1953125,2354
"426","Derek Anderson",2007,2005,0.480555798495525,0.0598155103522464,64.4,-1.23208428594585,8.9,554,0.193364769759496,-0.110247900353056,55.7506145251397,-5.15238676403086,0.152542372881356,1822
"427","Kirk Cousins",2017,2012,0.479577757162131,-0.00170339812318715,70,0.838805525825265,18.5,606,0.840447634789991,0.0639162014045631,77.8174397314617,2.16821688592393,0.156331877729258,6663
"428","Daniel Jones",2021,2019,0.477806278815506,-0.01488203449899,71.1,-0.843908773031977,15.7,407,0.66402305786485,-0.000218385322785444,71.9906939558682,-0.0200274713027343,0.193836171938362,3348
"429","Tony Romo",2008,NA,0.477038925222291,0.0443408462374852,65.6,4.57153914580766,12.3,480,0.888452665955759,0.138554442608871,75.5349141455437,3.60954522236787,0.171518987341772,4927
"430","Derek Carr",2022,2014,0.475229842654648,0.0322221433115804,66.6,-2.8706469951065,13.8,544,0.755940936656482,0.0328710814177297,74.4728541964144,0.476696190573837,0.159458051068265,6369
"431","Gardner Minshew",2019,2019,0.473043889652989,-0.0116653716219573,70.5,-3.83956400954274,16.9,556,0.518247231990354,-0.00548788531436491,64.7715145436309,-1.19140440113208,0.190611664295875,2012
"432","Eli Manning",2008,2004,0.472109760056351,0.0550465668448946,64.3,-0.0351461266467949,20.3,539,0.694153615545357,0.0282976552440639,71.1055609519184,-0.671334258350571,0.149146110056926,8283
"433","Kyler Murray",2023,2019,0.468379072290504,-0.0181616979956082,70.8,-2.2770895928372,18.9,304,0.794833545148877,0.0501598653424721,75.5458480565371,0.679140995148188,0.195219123505976,3670
"434","Carson Palmer",2009,2003,0.467930872443592,0.0412819093455345,65.3,-0.653882779924544,19.6,549,0.740883921606478,0.0567269516676051,71.333719938598,2.06947404338791,0.156570841889117,5904
"435","Quinn Gray",2007,NA,0.466288592816165,0.194417464014809,51.1,-3.21450204076901,25.6,159,NA,NA,NA,NA,NA,NA
"436","Bruce Gradkowski",2009,2006,0.464871857355414,-0.0151651070029232,70.3,-2.27706798191728,18.3,172,0.0965536012337607,-0.196756877330705,54.756862745098,-6.66305204044278,0.170967741935484,828
"437","Troy Smith",2010,NA,0.463223170783614,-0.0260887695686828,71.2,-8.37358938346446,24,178,NA,NA,NA,NA,NA,NA
"438","Kerry Collins",2008,NA,0.460836809247394,0.0254883243422853,66.3,-2.05650116292249,8.4,472,0.398050441568845,-0.0570100972771377,63.2713836477987,-3.20664561665629,0.111111111111111,1292
"439","Eli Manning",2018,2004,0.459871651692062,0.0465460889425198,64.3,0.464474618750275,22.1,627,0.694153615545357,0.0282976552440639,71.1055609519184,-0.671334258350571,0.149146110056926,8283
"440","Bryce Young",2025,2023,0.458151184300892,-0.0274430382541431,71,0.465271601805816,13.2,586,0.378299779349147,-0.101680233906814,66.2955367913148,-0.158362160790655,0.186046511627907,1667
"441","Marcus Mariota",2022,2015,0.457718094581155,0.0233187377622708,66.3,-0.64611305450571,23.1,354,0.702020087260064,0.043041295815381,70.2204696810375,1.26654699106393,0.233261339092873,3062
"442","Derek Carr",2017,2014,0.456052229924672,-0.00608859246712591,68.9,-0.316120605258381,13.5,544,0.755940936656482,0.0328710814177297,74.4728541964144,0.476696190573837,0.159458051068265,6369
"443","Kyle Orton",2009,2005,0.455510064742965,0.0424241540627861,64.4,-1.12519516929317,17.2,581,0.480820090373252,0.00204296155455509,62.1713095238095,-1.61266489602616,0.181695827725437,2544
"444","Justin Fields",2022,2021,0.454666429530599,-0.0211775220519453,70.2,-2.48065988714545,27.1,444,0.55467566731737,-0.0399573095472281,69.7859649122807,-0.835407857894897,0.229274611398964,1969
"445","Ben Roethlisberger",2008,2004,0.454028568328657,-0.0118438052374256,69.3,0.183485649580503,26.2,630,0.872477730964763,0.103001646829373,77.1441827805985,2.37271850468163,0.201841620626151,9351
"446","Kyler Murray",2022,2019,0.453731031481399,0.0118508094474886,67.1,-0.806297313782477,20.8,443,0.794833545148877,0.0501598653424721,75.5458480565371,0.679140995148188,0.195219123505976,3670
"447","Matthew Stafford",2015,2009,0.452308263869726,0.0260696223732628,65.7,0.555315194571611,19,662,0.848358569582663,0.0779857511209702,77.2090909090909,-1.07672975651007,0.180039138943249,10152
"448","Jacoby Brissett",2021,2016,0.452228872587638,-0.0891494552440965,76.3,-2.21460848909369,16.4,259,0.556698108916376,-0.0180830323167027,67.8948222565688,-1.2221675388783,0.188177339901478,2672
"449","Matt Hasselbeck",2011,1998,0.449810811800629,-0.0147840451236052,69.3,-1.02352796238847,17,544,0.520380978669655,-0.0372756484573726,67.7805502063274,-1.22834841806829,0.216981132075472,3654
"450","Andy Dalton",2020,2011,0.449175308111484,-0.0217460976765582,69.9,-0.407478382002633,21.6,376,0.651017645246105,0.00911870113984911,70.4172870269428,-0.237496620137344,0.207317073170732,6547
"451","Daniel Jones",2024,2019,0.446613564878851,-0.0463496546211284,72,1.45712490149477,20,389,0.66402305786485,-0.000218385322785444,71.9906939558682,-0.0200274713027343,0.193836171938362,3348
"452","Carson Palmer",2013,2003,0.446185247695293,-0.00210430491002588,67.9,3.73199115674976,16.5,618,0.740883921606478,0.0567269516676051,71.333719938598,2.06947404338791,0.156570841889117,5904
"453","Carson Palmer",2012,2003,0.443984270568558,0.020259850293181,65.7,-0.427187085151672,13.8,595,0.740883921606478,0.0567269516676051,71.333719938598,2.06947404338791,0.156570841889117,5904
"454","Drake Maye",2024,2024,0.442412899258337,-0.0286425692742584,70.1,2.83587218163917,21.5,422,0.888356732542734,0.123483436550622,76.8994902293968,6.16922861554525,0.230769230769231,1210
"455","Robert Griffin",2013,2012,0.440680981459349,0.0157767643711217,65.9,-1.3538354361884,18.8,530,0.610682179933307,0.0346304752719863,65.9092628832355,0.575402116351448,0.226415094339623,1701
"456","Ryan Tannehill",2015,2012,0.439999939054332,-0.00642888982559739,67.9,0.917861846135688,18.3,637,0.787563695764108,0.0411447439112735,75.8522718944668,1.50029000300119,0.21996879875195,5646
"457","Matt Moore",2011,NA,0.439554828759743,-0.0480255939959255,71.7,2.85318501640198,27.3,394,0.399642024988028,-0.0342752736109844,61.2814180929095,0.878010595970259,0.236363636363636,1243
"458","David Garrard",2009,2002,0.438839239364026,-0.0126737773455168,68.4,1.83948785241569,20.4,593,0.779489288723323,0.0599047501638168,73.5797187899446,3.11655915570993,0.192399049881235,2463
"459","Eli Manning",2007,2004,0.435209054004696,-0.0412925835021734,70.8,-3.49731488558772,16.5,696,0.694153615545357,0.0282976552440639,71.1055609519184,-0.671334258350571,0.149146110056926,8283
"460","Case Keenum",2018,NA,0.431693068730146,-0.0350685962758964,70,-1.25201109836534,14.8,633,0.504780497467696,-0.0363300197459455,66.8966666666667,-1.69882620473045,0.146288209606987,2554
"461","Josh Allen",2019,2018,0.430952826601891,0.0285119758664761,64.1,-2.29320481043904,18.9,595,0.972361552079109,0.177106759004031,86.2542631281762,2.1290907830839,0.136411332633788,5805
"462","Mike Vick",2013,NA,0.429415138992493,0.058938306413798,61.2,-2.09316391011943,17.1,171,0.62657921437262,0.0307781938141324,67.1109600679694,0.0202824669376846,0.185381355932203,2515
"463","Aaron Rodgers",2025,2005,0.427327182918383,-0.0164090019538405,68,-0.405559555230388,21.4,579,0.964422122476818,0.163827268420847,85.178209317524,2.99957662314051,0.206874802901293,10789
"464","Jon Kitna",2010,NA,0.426618861101736,0.0678355651514313,60.2,2.13791220899551,23.9,355,0.389490963393479,-0.0576334473333993,62.8746814404432,0.383050777042276,0.252100840336134,1830
"465","Blake Bortles",2015,2014,0.422657648616612,0.0107217736993648,65.2,-2.95833720763524,20.9,685,0.407929868817881,-0.0236951983358351,60.7524983776768,-4.60563397837235,0.186915887850467,3194
"466","Sam Bradford",2013,2010,0.42044320973731,-0.0712383449508336,72.6,-3.51899341321909,14.6,284,0.52832133695777,-0.052169890755728,69.5458036543822,-1.78140429316448,0.181399631675875,3238
"467","Jake Locker",2012,2011,0.419897751461156,-0.0531539045765794,70.9,-3.73656136007645,23.4,370,0.514423081781525,-0.0132069487759011,65.280119760479,-2.38622127265332,0.212765957446809,856
"468","Jay Cutler",2011,2006,0.418826996979328,-0.0267491550685326,68.4,-1.13579779385756,17.4,345,0.609306851373976,0.00151636696416419,68.8570619404349,0.853191268363745,0.174986580783682,5575
"469","Joe Flacco",2013,2008,0.417345627527266,-0.0169319709111291,67.4,-1.13614609366969,19.9,677,0.62135294673375,0.00291451803018205,69.3721313461771,-0.559324360465622,0.171396140749149,8401
"470","Josh Freeman",2012,2009,0.417114306208892,0.0426591821750325,61.9,-4.15996802047896,12.7,603,0.474732736685756,-0.00968687860582921,62.9298330404218,-2.70616149706724,0.134872417982989,2330
"471","Chad Henne",2010,2008,0.416927038400452,-0.0270061139671779,68.3,-0.3812557059465,18.8,540,0.401977714255495,-0.0513305108031983,62.9604806408545,-1.68985523982438,0.211781206171108,2284
"472","Tarvaris Jackson",2011,2006,0.412369534877714,-0.03566651455577,68.8,1.43799057306208,21.4,512,0.428480918013967,-0.0347694876841216,62.8356643356643,-0.291430654674346,0.190775681341719,1313
"473","Charlie Whitehurst",2014,2006,0.411979226792078,-0.0348569080228751,68.7,-3.56247026059363,18.9,216,0.224697055869126,-0.13578132367723,60.3047722342733,-5.66998235977094,0.22093023255814,471
"474","Jay Cutler",2010,2006,0.409921811986132,-0.0124153434749985,66.5,0.706461992898212,24.5,565,0.609306851373976,0.00151636696416419,68.8570619404349,0.853191268363745,0.174986580783682,5575
"475","Vince Young",2007,2006,0.409918711991142,-0.0265413999752407,67.8,1.61764814995872,19.2,494,0.467286316164229,-0.00206187246685713,61.8527146464646,-0.975633373872729,0.176113360323887,1655
"476","Tarvaris Jackson",2008,2006,0.409758398133129,-0.00601270656592578,65.9,-3.73266686153951,18.1,215,0.428480918013967,-0.0347694876841216,62.8356643356643,-0.291430654674346,0.190775681341719,1313
"477","Cam Newton",2016,2011,0.4092476611441,-0.0346232409954276,68.5,-5.51158554852009,17.1,557,0.749473134882384,0.0574489318781249,71.8133707865169,-1.50275250415999,0.187700534759358,6142
"478","Kyle Orton",2011,2005,0.408697498654273,0.0334321774403597,62.2,-1.86538705194139,13.7,265,0.480820090373252,0.00204296155455509,62.1713095238095,-1.61266489602616,0.181695827725437,2544
"479","Matt Hasselbeck",2006,1998,0.408589451337413,-0.0166213348925539,66.8,-2.45068162181781,26.2,490,0.520380978669655,-0.0372756484573726,67.7805502063274,-1.22834841806829,0.216981132075472,3654
"480","Ryan Fitzpatrick",2010,2005,0.408523672790298,-0.0177545401768673,66.9,-1.1835552752018,14.6,494,0.579017019221932,0.0214060981796244,65.4498023005032,-0.630337029579215,0.160486995019369,5674
"481","Alex Smith",2009,2005,0.406916779878374,-0.0634417457668575,71,-1.57630755553232,16.5,405,0.676150969530275,0.0309547597539487,69.8296921549156,-0.359460613402984,0.203784570596798,6155
"482","Tyler Huntley",2021,NA,0.403829900406103,-0.0363059641042477,68.3,-1.05324490712239,24.3,231,0.453104385137058,-0.0541563382471822,65.8767409470752,1.37621343722284,0.219123505976096,794
"483","Andy Dalton",2017,2011,0.400389728788759,-0.0865648002598634,72.7,-1.68253416627771,22.9,548,0.651017645246105,0.00911870113984911,70.4172870269428,-0.237496620137344,0.207317073170732,6547
"484","Colin Kaepernick",2014,2011,0.400018470924895,0.00225886212980654,64.5,-2.05711941028896,23.7,577,0.638863710125316,0.0693191698095229,64.2599193909539,-1.84904335711243,0.217654171704958,2424
"485","Mac Jones",2024,2021,0.399399387360323,-0.00361587581433123,65,-0.49169065952301,18.4,290,0.598007529460322,-0.0113088276733885,69.4293556085919,0.566731374720916,0.194719471947195,2162
"486","Justin Fields",2025,2021,0.396337474680805,-0.0307954012727869,67.3,-1.86883856340782,23.3,260,0.55467566731737,-0.0399573095472281,69.7859649122807,-0.835407857894897,0.229274611398964,1969
"487","Josh Allen",2018,2018,0.394349799612904,-0.0104912565219088,65.3,-6.88095046053625,16.3,396,0.972361552079109,0.177106759004031,86.2542631281762,2.1290907830839,0.136411332633788,5805
"488","Luke McCown",2007,NA,0.393430984983426,-0.041571182505094,68.1,3.39413054753095,28.8,164,NA,NA,NA,NA,NA,NA
"489","Joe Flacco",2015,2008,0.392765036235239,-0.00728290280805192,64.9,-0.194056631595481,11.5,430,0.62135294673375,0.00291451803018205,69.3721313461771,-0.559324360465622,0.171396140749149,8401
"490","Joe Flacco",2023,2008,0.391218893436967,-0.0942234405306054,72.8,-1.35096388558547,13.6,265,0.62135294673375,0.00291451803018205,69.3721313461771,-0.559324360465622,0.171396140749149,8401
"491","Ryan Tannehill",2012,2012,0.390982369441672,-0.0465896835676545,68.4,-3.44876049707333,21.5,532,0.787563695764108,0.0411447439112735,75.8522718944668,1.50029000300119,0.21996879875195,5646
"492","Jason Campbell",2009,2005,0.390467074381494,0.0149673929708819,62.7,1.44138570126849,22.2,577,0.553235691292,0.00251091050230061,65.8374911660777,-0.640867397001132,0.178010471204188,2866
"493","Andy Dalton",2014,2011,0.390396594851842,-0.0263684199716827,66.5,0.0471535000470605,16.8,561,0.651017645246105,0.00911870113984911,70.4172870269428,-0.237496620137344,0.207317073170732,6547
"494","Tyler Thigpen",2008,NA,0.389959578908521,-0.00929963567167977,64.9,-5.79368830015815,23.9,486,0.437758950478639,-0.0454443172511592,64.2903716216216,-6.37137796061922,0.23972602739726,614
"495","Jeff Garcia",2006,NA,0.389774886325659,0.0905208868591594,55.7,-1.13026213620891,8.5,277,0.807147162822568,0.077851647004349,73.9191163210099,2.04653378110379,0.12807881773399,1121
"496","Ryan Fitzpatrick",2011,2005,0.389382173583177,-0.0151474692376095,65.4,1.13188604050094,16.3,618,0.579017019221932,0.0214060981796244,65.4498023005032,-0.630337029579215,0.160486995019369,5674
"497","Mike Glennon",2014,2013,0.389091697721481,-0.0240482057050708,66.2,-0.406240905398753,16.8,225,0.210743564494972,-0.137358002089773,59.4819554848967,-1.18973130240781,0.173277661795407,1272
"498","Brett Favre",2008,NA,0.387177413706937,0.0158575611858863,62.4,3.58227918661593,26.1,559,0.709696801495401,0.0547414158678799,69.6072990126939,1.31839030701737,0.166666666666667,2855
"499","Kyler Murray",2019,2019,0.38699356146714,-0.00383112466341354,64.2,-1.51656696598119,25.7,620,0.794833545148877,0.0501598653424721,75.5458480565371,0.679140995148188,0.195219123505976,3670
"500","Mark Sanchez",2014,2009,0.383810892079206,0.0514527356764839,58.9,0.345527782644096,21.2,343,0.245949507416896,-0.0900688384403283,57.5439338235294,-4.24661664741505,0.221789883268482,2774
"501","Dak Prescott",2024,2016,0.383649140205336,-0.0464447384625206,67.9,-0.851305679078567,21.4,317,0.91826649078844,0.126672625636074,80.1896866606983,1.56837276878728,0.162627894453419,5757
"502","Brian Griese",2007,NA,0.383328710538022,-0.0075642275061293,64.3,-1.38152791339843,20.3,283,0.344588481451375,-0.0681674606499579,61.403125,-1.8667851653364,0.192857142857143,513
"503","Nick Foles",2014,2012,0.383069768930832,-0.0120973115820572,64.7,-2.01550897829696,8,330,0.518890232819552,-0.0271987566420665,66.7850060459492,0.585883137026518,0.154025670945158,2545
"504","Steve McNair",2006,NA,0.38177517581329,0.0423747586286099,59.6,3.07566357520355,9.9,527,0.315053154420524,-0.033385461835087,56.5665327978581,3.17796285335834,0.114406779661017,756
"505","Mike Vick",2006,NA,0.380553593699545,-0.0334752552228083,66.5,-4.08497193064191,23.8,502,0.62657921437262,0.0307781938141324,67.1109600679694,0.0202824669376846,0.185381355932203,2515
"506","Drew Lock",2019,2019,0.378996141321087,0.0566570732901151,58.1,-0.825664969651323,8.1,172,0.326924599135938,-0.0643861742567902,60.070511627907,-4.61237020075702,0.136729222520107,1102
"507","Matt Hasselbeck",2015,1998,0.378817354352763,-0.0216971048923482,65.3,-2.26301649212837,18.2,278,0.520380978669655,-0.0372756484573726,67.7805502063274,-1.22834841806829,0.216981132075472,3654
"508","Marcus Mariota",2019,2015,0.37855781832471,-0.0164532402267739,64.8,-3.21484274112138,34.7,203,0.702020087260064,0.043041295815381,70.2204696810375,1.26654699106393,0.233261339092873,3062
"509","Tua Tagovailoa",2020,2020,0.378489110906058,-0.0230218211681951,65.4,-1.20809544872135,21.1,326,0.829241027837772,0.0967667853471006,73.9006259204713,2.0909679449364,0.193504736129905,2733
"510","Brock Osweiler",2015,2012,0.376391060537315,-0.00933596490290733,64,-1.15230623700402,19.2,310,0.226416906569103,-0.0679568071619299,54.234140969163,-3.20770284068149,0.153271028037383,1376
"511","Andy Dalton",2019,2011,0.375497872125386,-0.0371470200079692,66.5,-3.27198371468555,22,575,0.651017645246105,0.00911870113984911,70.4172870269428,-0.237496620137344,0.207317073170732,6547
"512","Joe Flacco",2016,2008,0.374802223524641,-0.0376534415624699,66.5,-0.187573566081676,14.1,713,0.62135294673375,0.00291451803018205,69.3721313461771,-0.559324360465622,0.171396140749149,8401
"513","Chad Pennington",2006,NA,0.373802485525594,0.0311510681426222,60.1,2.46877953142463,21.3,583,0.635852442550806,0.0515859108653396,65.7139827700464,4.56302006274083,0.209567198177677,1519
"514","Donovan McNabb",2011,NA,0.370844451353168,-0.0839983604415351,70.5,-3.13740227466974,21.6,180,0.700649329482049,0.0467187215252501,69.8044605809129,-1.44966205251565,0.192148760330579,2933
"515","Baker Mayfield",2021,2018,0.366604233835157,-0.0121373015584715,63.6,-2.71870790049434,29.1,486,0.799481316813573,0.0560112935566795,75.3476333907057,-0.523748714759328,0.209929078014184,4712
"516","Marcus Mariota",2015,2015,0.365976354767948,0.00478526729611625,62,0.784767098622779,26.2,424,0.702020087260064,0.043041295815381,70.2204696810375,1.26654699106393,0.233261339092873,3062
"517","Kevin Kolb",2012,2007,0.364915620143963,-0.062267001679595,68.1,-4.65634728034774,29.3,217,0.254219190533982,-0.0947370244931572,58.5002336448598,-3.02605441845802,0.252459016393443,874
"518","Ryan Tannehill",2023,2012,0.364450224886025,-0.0691276385370937,68.7,1.04270432446454,30.2,271,0.787563695764108,0.0411447439112735,75.8522718944668,1.50029000300119,0.21996879875195,5646
"519","Tua Tagovailoa",2025,2020,0.362486228768189,0.00113347602331187,62.1,2.02027069843881,22.9,440,0.829241027837772,0.0967667853471006,73.9006259204713,2.0909679449364,0.193504736129905,2733
"520","Colt McCoy",2014,2010,0.362436020839838,0.00761521328091917,61.5,4.37044713675506,34,150,0.344853374610638,-0.0603262566662837,60.7024630541872,-0.673491647118642,0.251101321585903,1461
"521","Mason Rudolph",2024,2018,0.36212135106699,-0.00348100186552459,62.5,0.238143659640695,12.4,256,0.396952117270386,-0.0267628150010361,60.4539906103286,0.355438831993329,0.125435540069686,866
"522","Michael Penix",2025,2024,0.360700923230346,0.030238601242592,59.3,-3.61966759417996,12.3,303,0.672179539039893,0.0582087819795228,67.1187050359712,-3.84784963775854,0.122302158273381,418
"523","Philip Rivers",2012,2004,0.358296675451338,-0.0236861079877037,64.1,2.89714086102322,22.4,587,0.917394847674772,0.140416573109404,78.8187452677123,3.3383302806734,0.156499520919834,9390
"524","Jacoby Brissett",2019,2016,0.357166599079073,0.0287141791574032,59.2,-3.26356907849604,13.9,506,0.556698108916376,-0.0180830323167027,67.8948222565688,-1.2221675388783,0.188177339901478,2672
"525","Caleb Williams",2024,2024,0.355105743648113,-0.0586419600722867,67.1,-0.102165061623657,28.2,682,0.701381243598724,0.0210409623745641,72.1899224806202,-2.2100649682254,0.185258964143426,1472
"526","Gardner Minshew",2023,2019,0.354750591434846,-0.00349638275021773,62,-3.27656504928425,17.9,546,0.518247231990354,-0.00548788531436491,64.7715145436309,-1.19140440113208,0.190611664295875,2012
"527","Andy Dalton",2012,2011,0.353282442234848,-0.0230558598434058,63.7,0.658480440958952,29.3,628,0.651017645246105,0.00911870113984911,70.4172870269428,-0.237496620137344,0.207317073170732,6547
"528","Spencer Rattler",2025,2024,0.350555553129282,-0.0935307490862337,70,2.3567769965347,16.2,292,0.191394802099647,-0.174368629992332,61.4532374100719,-2.95376578532973,0.191387559808612,572
"529","Sam Darnold",2019,2018,0.346969912164172,-0.0266740156913002,63.6,1.04261212734784,16.2,485,0.562658000739064,-0.0173987072537432,68.1403943830296,0.320302740433737,0.183641975308642,3427
"530","Mac Jones",2022,2021,0.345864503349914,-0.0698726367523159,67.5,-0.441011477191493,23.4,496,0.598007529460322,-0.0113088276733885,69.4293556085919,0.566731374720916,0.194719471947195,2162
"531","Daniel Jones",2019,2019,0.343683363906462,-0.0497784319497798,65.5,-1.94081056704724,18.1,527,0.66402305786485,-0.000218385322785444,71.9906939558682,-0.0200274713027343,0.193836171938362,3348
"532","Jon Kitna",2007,NA,0.34210488301877,-0.0618284662493359,66.5,1.5978729461097,23.5,624,0.389490963393479,-0.0576334473333993,62.8746814404432,0.383050777042276,0.252100840336134,1830
"533","Daunte Culpepper",2007,NA,0.340765709001298,0.00995628614730282,59.8,-2.35572834635339,29.3,214,0.0970506749237703,-0.145724351382632,50.160492040521,-2.77188865716707,0.274509803921569,712
"534","Joe Flacco",2017,2008,0.33932194213747,-0.0867391441113682,68.6,-1.21529313905463,17.1,583,0.62135294673375,0.00291451803018205,69.3721313461771,-0.559324360465622,0.171396140749149,8401
"535","Aidan O'Connell",2024,2023,0.339219943781476,-0.00641873373384138,61.2,-3.57978152560777,12,256,0.434721215709948,-0.0444402752089106,64.0415384615385,-4.52436088687844,0.164319248826291,670
"536","Carson Palmer",2017,2003,0.338116495763218,-0.0517958798817125,65.3,-0.0349854392216618,18,290,0.740883921606478,0.0567269516676051,71.333719938598,2.06947404338791,0.156570841889117,5904
"537","Russell Wilson",2022,2012,0.33738355379273,-0.062127603675196,66.2,-1.17044843700489,27,569,0.906928024300898,0.0941193665854502,81.7031982670744,4.81271859477548,0.19652448657188,8157
"538","Eli Manning",2016,2004,0.337246438469256,-0.0426751267429347,64.4,-2.06552376380763,11.6,670,0.694153615545357,0.0282976552440639,71.1055609519184,-0.671334258350571,0.149146110056926,8283
"539","Kenny Pickett",2023,2022,0.33714057195809,-0.110115073259465,70.6,-2.12042964273883,16.9,363,0.541289859996523,-0.0646188601933927,71.3467177242888,-0.906855467496974,0.19496855345912,951
"540","Aidan O'Connell",2023,2023,0.337048810543524,-0.0591212753328499,65.9,-3.90354969671794,19.7,370,0.434721215709948,-0.0444402752089106,64.0415384615385,-4.52436088687844,0.164319248826291,670
"541","Joe Flacco",2008,2008,0.335872193373212,-0.0524062697436766,65.2,-2.30879233571475,20.2,553,0.62135294673375,0.00291451803018205,69.3721313461771,-0.559324360465622,0.171396140749149,8401
"542","Matt McGloin",2013,NA,0.334950813941753,0.00556414886407975,59.8,-4.68976759484836,7.9,220,NA,NA,NA,NA,NA,NA
"543","David Garrard",2006,2002,0.333815978498263,-0.0550512411321862,65.3,1.7359529372672,18,288,0.779489288723323,0.0599047501638168,73.5797187899446,3.11655915570993,0.192399049881235,2463
"544","Deshaun Watson",2023,2017,0.333571874162663,-0.0769655191148099,67.3,-0.326099278348865,21.1,204,0.862672084678186,0.0777306943763373,78.5163334462894,2.46797888280481,0.216765453005927,3074
"545","Andy Dalton",2011,2011,0.33323510693244,-0.0218122379708423,62.2,-1.41305644542743,18.7,610,0.651017645246105,0.00911870113984911,70.4172870269428,-0.237496620137344,0.207317073170732,6547
"546","Kirk Cousins",2014,2012,0.329836224901682,0.0201458871405717,58.1,-3.21219079196453,15.1,213,0.840447634789991,0.0639162014045631,77.8174397314617,2.16821688592393,0.156331877729258,6663
"547","Jay Cutler",2014,2006,0.329512255715931,-0.0496340114921489,64.5,0.290594479723198,19.9,619,0.609306851373976,0.00151636696416419,68.8570619404349,0.853191268363745,0.174986580783682,5575
"548","Donovan McNabb",2010,NA,0.328056298379131,-0.0594372084267618,65.3,-3.28427301619643,17.5,524,0.700649329482049,0.0467187215252501,69.8044605809129,-1.44966205251565,0.192148760330579,2933
"549","Sage Rosenfels",2008,NA,0.326786656898409,-0.0104314657020532,60.7,2.17071781151517,18.4,189,0.691174846153116,0.0827577970234043,65.9645962732919,2.19260013197669,0.113475177304965,492
"550","Joe Flacco",2025,2008,0.32591152570317,-0.0936718541588204,68.3,-2.82350566257467,12.2,438,0.62135294673375,0.00291451803018205,69.3721313461771,-0.559324360465622,0.171396140749149,8401
"551","Trevor Siemian",2021,2015,0.325771612033963,-0.0514075011456886,64.4,-4.72171408789499,15.8,200,0.168078160969554,-0.106799816796616,53.4744776119403,-2.62417900187511,0.182403433476395,1361
"552","Nick Mullens",2023,NA,0.32525664014849,0.074225972927736,52.8,5.65178907000935,17.9,165,0.551881413069736,0.0700412319097937,59.6071510957324,1.50794271770341,0.148606811145511,879
"553","Matt Cassel",2013,2005,0.32396319687805,-0.049535582304565,64.1,-2.14357268379395,17.4,281,0.354325884367392,-0.0549802196984239,60.7363427445831,-2.15813261771977,0.216547497446374,3086
"554","Sam Darnold",2018,2018,0.323739184162989,-0.0562263702121733,64.7,-4.63438985496759,18.2,460,0.562658000739064,-0.0173987072537432,68.1403943830296,0.320302740433737,0.183641975308642,3427
"555","Eli Manning",2017,2004,0.32302331964714,-0.102407539450452,68.9,-3.63614864818213,17.5,607,0.694153615545357,0.0282976552440639,71.1055609519184,-0.671334258350571,0.149146110056926,8283
"556","Josh McCown",2015,2002,0.321940164737626,0.00974976594241051,58.5,0.740426419110134,18.7,327,0.420879845217913,-0.0159648682673421,60.7247076023392,0.236423726068185,0.201492537313433,2085
"557","Blake Bortles",2018,2014,0.321013887165182,-0.0518051879868121,64.1,-6.93194295838475,18.1,476,0.407929868817881,-0.0236951983358351,60.7524983776768,-4.60563397837235,0.186915887850467,3194
"558","Jake Delhomme",2006,NA,0.319159160403667,-0.0108653514460552,60.2,1.26499345485311,17.2,456,0.400318081021712,-0.0635135794077754,63.9843889955214,-0.885807887025964,0.189125295508274,1569
"559","Matthew Stafford",2022,2009,0.317306053639737,-0.0861779480119946,67,-0.0387385537898218,27.1,338,0.848358569582663,0.0779857511209702,77.2090909090909,-1.07672975651007,0.180039138943249,10152
"560","Joe Flacco",2019,2008,0.315170914676198,-0.0813158624928754,66.4,-0.21142475605011,24.3,294,0.62135294673375,0.00291451803018205,69.3721313461771,-0.559324360465622,0.171396140749149,8401
"561","Mitchell Trubisky",2019,2017,0.314821635856552,-0.0587718582719053,64.3,-2.32536034069763,20.3,579,0.578425643976307,0.0201044903048411,65.5377222489188,-0.648449227031768,0.1953125,2354
"562","Mike White",2022,2018,0.313929117014442,-0.0268725834701838,61.3,-6.18459109723921,17.6,186,NA,NA,NA,NA,NA,NA
"563","Shaun Hill",2009,NA,0.313350969261094,-0.0881639621060767,66.9,-4.64924130784838,34,179,0.639539375785743,0.0103838435057746,69.673150887574,-0.408555903662009,0.202409638554217,1360
"564","Will Levis",2023,2023,0.310962477064373,-0.055261086506417,63.7,-0.382610123891097,21.5,292,0.198598128588491,-0.139764145146078,58.8290519877676,-0.409527576367798,0.260377358490566,683
"565","Eli Manning",2013,2004,0.310461588626341,-0.109975190660605,68.7,-2.84801052390214,16.3,596,0.694153615545357,0.0282976552440639,71.1055609519184,-0.671334258350571,0.149146110056926,8283
"566","Brian Hoyer",2015,NA,0.306319106687604,-0.0349999288794818,61.5,-3.20371680723461,21.5,435,0.428191368262379,-0.044722183814461,63.7285714285714,-3.98539331534605,0.183838383838384,1737
"567","Dan Orlovsky",2011,2005,0.305563830641419,0.0122094058486628,57.1,2.71255134751922,23,209,0.309845741285749,-0.0442975611956207,57.2621212121212,-0.556315325792863,0.184210526315789,529
"568","Eli Manning",2019,2004,0.305250467666074,-0.0499651058803096,62.8,-2.60768837117134,16.1,153,0.694153615545357,0.0282976552440639,71.1055609519184,-0.671334258350571,0.149146110056926,8283
"569","Matt Cassel",2011,2005,0.300666861405977,-0.0677125450730686,64.1,-1.0548132077585,24.2,309,0.354325884367392,-0.0549802196984239,60.7363427445831,-2.15813261771977,0.216547497446374,3086
"570","Blaine Gabbert",2015,2011,0.297888175197382,-0.0873045696945089,65.7,-1.76597218496519,20,330,0.0486404213524995,-0.195014884206963,47.3256084070796,-7.42719301770877,0.232172470978441,1864
"571","Colin Kaepernick",2016,2011,0.29771955151319,-0.0016093326159046,57.8,-4.74652823869606,20.5,403,0.638863710125316,0.0693191698095229,64.2599193909539,-1.84904335711243,0.217654171704958,2424
"572","Taylor Heinicke",2023,NA,0.297187616247505,0.0555485173303929,52.5,-9.08703646791263,18.2,157,0.308053882762287,-0.0497805256622371,57.6586177474403,-0.63282172325097,0.179611650485437,1189
"573","Sam Bradford",2010,2010,0.296106327325648,-0.0843801256717908,65.3,-4.42034144063894,15.5,640,0.52832133695777,-0.052169890755728,69.5458036543822,-1.78140429316448,0.181399631675875,3238
"574","Chad Pennington",2007,NA,0.295887498982493,-0.00741697572474737,58.2,7.20490457152757,22.8,291,0.635852442550806,0.0515859108653396,65.7139827700464,4.56302006274083,0.209567198177677,1519
"575","Andy Dalton",2021,2011,0.295402068259459,-0.104499091281828,67.1,-4.19521274676932,23.4,267,0.651017645246105,0.00911870113984911,70.4172870269428,-0.237496620137344,0.207317073170732,6547
"576","Tarvaris Jackson",2007,2006,0.29378155703602,-0.0199670111880812,59.2,0.513074399156963,15.7,345,0.428480918013967,-0.0347694876841216,62.8356643356643,-0.291430654674346,0.190775681341719,1313
"577","Jon Kitna",2006,NA,0.293633935997096,-0.0754943403381109,64.3,-0.0511991154206427,25.7,677,0.389490963393479,-0.0576334473333993,62.8746814404432,0.383050777042276,0.252100840336134,1830
"578","Damon Huard",2007,NA,0.293193027254671,-0.116046681947657,68,2.16895597253198,31,371,0.477633318183392,-0.06767978638751,68.3687845303867,0.8462621602433,0.268722466960352,734
"579","Drew Bledsoe",2006,NA,0.290569324778977,-0.0203759023567669,59,-3.68520748373624,22.2,187,NA,NA,NA,NA,NA,NA
"580","Nick Mullens",2020,NA,0.289511440403754,0.00158638092499695,56.9,-2.60393688671268,14.5,348,0.551881413069736,0.0700412319097937,59.6071510957324,1.50794271770341,0.148606811145511,879
"581","Jay Cutler",2009,2006,0.289069717340235,-0.0704760222401777,63.5,0.561357694090611,17.5,609,0.609306851373976,0.00151636696416419,68.8570619404349,0.853191268363745,0.174986580783682,5575
"582","Anthony Richardson",2024,2023,0.288261014760276,-0.057005836737097,62.2,-10.8595914570203,12.2,299,0.366596105161206,-0.0373350668958839,59.7949874686717,-10.0689842533993,0.143835616438356,477
"583","Alex Smith",2010,2005,0.287080969262282,-0.0438373599010575,60.9,-2.15839109301927,18.5,375,0.676150969530275,0.0309547597539487,69.8296921549156,-0.359460613402984,0.203784570596798,6155
"584","Kyle Orton",2014,2005,0.286199002314345,-0.00978621278074815,57.7,-0.955039313341158,22.1,484,0.480820090373252,0.00204296155455509,62.1713095238095,-1.61266489602616,0.181695827725437,2544
"585","Eli Manning",2006,2004,0.285612987734423,-0.0439420039729219,60.8,-3.77106506608974,12.9,582,0.694153615545357,0.0282976552440639,71.1055609519184,-0.671334258350571,0.149146110056926,8283
"586","Brian Hoyer",2014,NA,0.285192250817433,-0.024727812055497,59,-6.28523005500811,15.7,472,0.428191368262379,-0.044722183814461,63.7285714285714,-3.98539331534605,0.183838383838384,1737
"587","Joey Harrington",2007,NA,0.284852349479671,-0.136908598977976,69.3,-3.86660442632787,20.4,388,0.289226448217189,-0.118162181977661,62.7904522613065,-3.26807396932387,0.170909090909091,803
"588","Jimmy Garoppolo",2023,2014,0.283840573866671,-0.0910149154264534,65,-1.94589148868214,24.1,191,0.851707203026036,0.130461860741263,72.7147266313933,0.465782544219835,0.210826210826211,2340
"589","Matt Leinart",2006,2006,0.283437244855394,-0.0163785798233865,58.1,-4.98501036046208,13.1,411,0.237148309529471,-0.0687585214321706,55.0247142857143,-4.63093965274892,0.115830115830116,704
"590","Davis Mills",2025,2021,0.282897334797315,-0.0809195655787082,64,-6.61342173422638,14.8,174,0.246989380516168,-0.124134753771289,60.7188524590164,-3.72077428529995,0.174117647058824,1240
"591","Jason Campbell",2013,2005,0.282038915465207,-0.0631509688000934,62.3,-4.25111220197279,12.3,346,0.553235691292,0.00251091050230061,65.8374911660777,-0.640867397001132,0.178010471204188,2866
"592","Easton Stick",2023,2019,0.281549114342189,-0.112441709758403,66.8,-4.8076927221033,22.6,198,NA,NA,NA,NA,NA,NA
"593","Mike Glennon",2013,2013,0.281243728424761,-0.0833574113616897,64.1,-0.133170675486326,19.7,468,0.210743564494972,-0.137358002089773,59.4819554848967,-1.18973130240781,0.173277661795407,1272
"594","Tyler Huntley",2024,NA,0.278253555427617,-0.123836659591904,67.6,3.10496695099338,25.4,168,0.453104385137058,-0.0541563382471822,65.8767409470752,1.37621343722284,0.219123505976096,794
"595","Lamar Jackson",2018,2018,0.277122116365524,0.000173425729606893,56.1,-6.68932324961612,23.2,243,0.947985789496349,0.151695555005889,82.6389319092123,1.71496895980152,0.186909090909091,4479
"596","Tyrod Taylor",2025,2011,0.276161895571841,-0.0451632144545319,60.2,-0.877602879456648,19.7,170,0.723827192317227,0.0405367941619109,71.7542250530786,0.646329738804245,0.206933911159263,2506
"597","Rex Grossman",2011,2003,0.273060525132718,-0.0357801679235532,59.1,-1.21499707798163,13.9,487,0.150575342085273,-0.123322654242771,53.5103337612324,-3.57992560832393,0.158964879852126,1578
"598","Drew Lock",2020,2019,0.272983191591855,-0.0836481993885789,63.5,-5.54333278131037,11.9,484,0.326924599135938,-0.0643861742567902,60.070511627907,-4.61237020075702,0.136729222520107,1102
"599","Mike Vick",2012,NA,0.271844184143597,-0.0226673693670479,57.8,0.210747065621491,16.2,418,0.62657921437262,0.0307781938141324,67.1109600679694,0.0202824669376846,0.185381355932203,2515
"600","Jalen Hurts",2020,2020,0.271356132205032,-0.00569047786107989,56.2,-8.33334379009347,17.1,185,0.918380040060316,0.115993794769591,81.179203539823,2.63807687881738,0.174137931034483,3699
"601","Christian Ponder",2012,2011,0.26891472821027,-0.0164201061123762,57,-2.38406001463812,18.2,555,0.234492184040206,-0.0726969471969228,55.2081385979049,-3.13615104181769,0.220417633410673,1257
"602","Mitchell Trubisky",2017,2017,0.268300669356747,-0.119060500307025,66.4,-5.38658624046419,22.3,386,0.578425643976307,0.0201044903048411,65.5377222489188,-0.648449227031768,0.1953125,2354
"603","Trevor Siemian",2016,2015,0.26707408972943,-0.0157898717399172,56.8,-0.517080380123551,16.2,530,0.168078160969554,-0.106799816796616,53.4744776119403,-2.62417900187511,0.182403433476395,1361
"604","Kevin Kolb",2011,2007,0.26387954022371,-0.0478142471936095,59.5,-4.94683744453708,26.1,291,0.254219190533982,-0.0947370244931572,58.5002336448598,-3.02605441845802,0.252459016393443,874
"605","Joshua Dobbs",2023,2017,0.261064454341431,-0.119731519796877,65.9,-1.7743371015218,16.2,485,0.335370972251282,-0.110405435362925,64.7434782608696,-1.49362422665407,0.15702479338843,696
"606","Trent Edwards",2009,NA,0.259677608251267,-0.112219463667096,65.1,0.190147807478239,26.5,216,0.402129945587347,-0.0931205078880416,66.7808429118774,-0.678550324269703,0.194285714285714,1059
"607","Kellen Clemens",2013,2006,0.257405294275001,-0.0869979201482596,62.6,-3.79400502472992,21.2,272,0.148106671818764,-0.150430044380005,55.7667571234735,-5.50747977468533,0.253846153846154,761
"608","T.J. Yates",2011,2011,0.257054364212922,-0.0166790010228778,56.1,-3.74162899710799,27,213,0.161118774770819,-0.11380366236376,53.5409302325581,-6.28726172318677,0.251655629139073,430
"609","Taylor Heinicke",2021,NA,0.254791136952256,-0.0544740740803389,59.4,0.298624864468972,19.1,575,0.308053882762287,-0.0497805256622371,57.6586177474403,-0.63282172325097,0.179611650485437,1189
"610","Nick Foles",2020,2012,0.254721754165877,-0.131671734025086,66.5,1.66319087396896,15.3,335,0.518890232819552,-0.0271987566420665,66.7850060459492,0.585883137026518,0.154025670945158,2545
"611","Mike Glennon",2020,2013,0.254239388792731,-0.142951407827618,67.5,-3.68476921354818,18.8,192,0.210743564494972,-0.137358002089773,59.4819554848967,-1.18973130240781,0.173277661795407,1272
"612","Tyrod Taylor",2021,2011,0.253962267126986,-0.0530147314244244,59.2,-3.62598380694787,16.9,178,0.723827192317227,0.0405367941619109,71.7542250530786,0.646329738804245,0.206933911159263,2506
"613","Andy Dalton",2024,2011,0.252978895303261,-0.150556967389127,68.1,-1.14199948998598,14,175,0.651017645246105,0.00911870113984911,70.4172870269428,-0.237496620137344,0.207317073170732,6547
"614","Matt Ryan",2022,2008,0.251518913973795,-0.105102035285389,63.8,-0.0986555442723163,22.2,509,0.905821684389687,0.103304957449785,80.730351371077,2.39272746788411,0.1603125,9661
"615","Mark Brunell",2006,NA,0.251306893366896,-0.0183696593764004,55.8,-1.57104839326998,13.2,279,NA,NA,NA,NA,NA,NA
"616","Matt Hasselbeck",2012,1998,0.248450925116822,-0.118632101177011,64.8,-1.0784987969832,23.7,241,0.520380978669655,-0.0372756484573726,67.7805502063274,-1.22834841806829,0.216981132075472,3654
"617","Ben Roethlisberger",2006,2004,0.247124987720777,-0.00788514637437038,54.5,1.54702845694763,22.3,531,0.872477730964763,0.103001646829373,77.1441827805985,2.37271850468163,0.201841620626151,9351
"618","Jacoby Brissett",2017,2016,0.245500884481063,-0.0951369697539142,62.4,-4.45443925484687,23.1,561,0.556698108916376,-0.0180830323167027,67.8948222565688,-1.2221675388783,0.188177339901478,2672
"619","Carson Wentz",2025,2016,0.244997562356989,0.0347952859122692,50.4,1.11124149020414,24.4,199,0.699974312784475,0.0246883244780608,71.7746132386508,-0.582893685404497,0.193265007320644,4099
"620","Geno Smith",2013,2013,0.243089351642702,-0.078788482097406,60.7,-4.1597343525108,19.8,517,0.620082236201769,-0.023721947980981,71.7340005560189,1.85478331579015,0.199714693295292,3719
"621","Robert Griffin",2016,2012,0.241274093073672,-0.0467127239840342,57.6,-2.67120327239167,30.9,183,0.610682179933307,0.0346304752719863,65.9092628832355,0.575402116351448,0.226415094339623,1701
"622","Brett Favre",2006,NA,0.240281157223496,-0.0269504306827078,55.7,-5.35624275522784,13,638,0.709696801495401,0.0547414158678799,69.6072990126939,1.31839030701737,0.166666666666667,2855
"623","Blake Bortles",2016,2014,0.240129883432339,-0.0401221170611473,56.9,-4.47498181673108,14.9,698,0.407929868817881,-0.0236951983358351,60.7524983776768,-4.60563397837235,0.186915887850467,3194
"624","Alex Smith",2020,2005,0.239958721749387,-0.13914109232817,66,-0.84522821071769,23.4,277,0.676150969530275,0.0309547597539487,69.8296921549156,-0.359460613402984,0.203784570596798,6155
"625","Ryan Fitzpatrick",2012,2005,0.239176586138369,-0.00946233792563106,54,-1.53708836252599,19.9,566,0.579017019221932,0.0214060981796244,65.4498023005032,-0.630337029579215,0.160486995019369,5674
"626","Carson Wentz",2020,2016,0.237917826515075,-0.130093485301232,65,-3.49377248999026,26.3,509,0.699974312784475,0.0246883244780608,71.7746132386508,-0.582893685404497,0.193265007320644,4099
"627","Byron Leftwich",2006,2003,0.23611571517738,-0.00241732763232557,53.1,-1.23115695843642,14.5,201,0.290729098325766,-0.06785617935083,58.2907216494845,-2.99426997678542,0.146198830409357,502
"628","Ryan Mallett",2015,2011,0.2333371724526,-0.071188700307457,59.2,-7.21101546660066,7.8,253,NA,NA,NA,NA,NA,NA
"629","Geno Smith",2014,2013,0.231104569776288,-0.0503923231443411,57.1,-2.46208979014578,16.4,426,0.620082236201769,-0.023721947980981,71.7340005560189,1.85478331579015,0.199714693295292,3719
"630","Jared Goff",2021,2016,0.229644784532113,-0.0864847965022058,60.3,0.552964165838679,19.8,541,0.833830196091678,0.0923319973753453,74.6770649825494,0.0756370606061197,0.15255905511811,6068
"631","Josh Freeman",2011,2009,0.227808448931764,-0.0718628845568674,58.8,-1.00738065189883,14.1,609,0.474732736685756,-0.00968687860582921,62.9298330404218,-2.70616149706724,0.134872417982989,2330
"632","Kyle Orton",2008,2005,0.226503225901459,-0.0871817999351138,60.1,-2.40261449762013,19.4,501,0.480820090373252,0.00204296155455509,62.1713095238095,-1.61266489602616,0.181695827725437,2544
"633","Trevor Lawrence",2021,2021,0.226431876027526,-0.0818149877669124,59.6,-4.80008055031197,14.5,668,0.758679645533799,0.0222559806540314,75.61973727422,-1.26979408718291,0.163561076604555,3168
"634","Matt Hasselbeck",2008,1998,0.223036980998358,-0.140351240571173,64.7,-6.91698023458807,23.2,239,0.520380978669655,-0.0372756484573726,67.7805502063274,-1.22834841806829,0.216981132075472,3654
"635","Brian Hoyer",2017,NA,0.22201765492905,-0.129344536485491,63.6,-6.30266968733989,20.8,229,0.428191368262379,-0.044722183814461,63.7285714285714,-3.98539331534605,0.183838383838384,1737
"636","C.J. Beathard",2018,2017,0.221567342553699,-0.143886324823902,64.9,-7.11078859731823,25.4,198,0.320122227558162,-0.110015239775801,63.8470588235294,-4.26450605825944,0.221757322175732,673
"637","Brandon Weeden",2013,2012,0.216920951275857,-0.124325466518569,62.7,-4.05033787584487,23.5,301,0.283865949457034,-0.0505387790402166,56.3003762935089,-3.17644766331967,0.204334365325077,1075
"638","Carson Wentz",2022,2016,0.214802949029929,-0.103506625166602,60.6,-3.75037105547057,24.8,314,0.699974312784475,0.0246883244780608,71.7746132386508,-0.582893685404497,0.193265007320644,4099
"639","Colt McCoy",2011,2010,0.214674408409247,-0.057997250182804,56.4,-3.70065870848331,18.4,535,0.344853374610638,-0.0603262566662837,60.7024630541872,-0.673491647118642,0.251101321585903,1461
"640","Case Keenum",2013,NA,0.213302454338831,-0.108187403319579,60.9,-5.70187315648916,15.1,277,0.504780497467696,-0.0363300197459455,66.8966666666667,-1.69882620473045,0.146288209606987,2554
"641","Drew Stanton",2014,2007,0.212872422876604,-0.00103726113527658,51,-4.74321515369816,13.9,262,0.142002755732992,-0.121069808638061,52.5424827586207,-7.22194531417151,0.155737704918033,738
"642","Justin Fields",2021,2021,0.211904126510546,-0.145370166566813,64.2,-1.95220725974817,23.8,353,0.55467566731737,-0.0399573095472281,69.7859649122807,-0.835407857894897,0.229274611398964,1969
"643","Christian Ponder",2013,2011,0.210643701193405,-0.0650895413034225,56.7,1.1316705384153,24.5,291,0.234492184040206,-0.0726969471969228,55.2081385979049,-3.13615104181769,0.220417633410673,1257
"644","Austin Davis",2014,NA,0.210275423075208,-0.103467644577339,60.2,-0.999714407249478,21.2,319,0.145324140309751,-0.166557894762913,56.9911214953271,-1.01585424527889,0.208333333333333,431
"645","Chad Henne",2013,2008,0.209649166814142,-0.0877708762192559,58.7,-2.35428923752226,19,551,0.401977714255495,-0.0513305108031983,62.9604806408545,-1.68985523982438,0.211781206171108,2284
"646","Brett Hundley",2017,2015,0.206473394274574,-0.157103286953086,64.8,-3.03327634166449,20.7,368,0.257609104055041,-0.160323238568027,64.6982188295165,-4.53150563680374,0.212328767123288,409
"647","Case Keenum",2019,NA,0.20560325680641,-0.0514741260850197,55,-1.09458932032188,16.1,266,0.504780497467696,-0.0363300197459455,66.8966666666667,-1.69882620473045,0.146288209606987,2554
"648","Kyle Boller",2007,NA,0.203675688136516,-0.105498720588623,59.8,2.46065682590459,24.7,311,0.0858153991179091,-0.194682684225122,53.2315619967794,-1.96073798469885,0.225352112676056,640
"649","Jeff Driskel",2018,2016,0.202263400086564,-0.0297412225268598,52.7,-4.52275178585833,21.4,203,0.22301818499619,-0.0727795662424302,54.4429184549356,-4.72029570270987,0.233333333333333,512
"650","Brian Griese",2008,NA,0.201776859058999,-0.136690275187627,62.5,-1.50556297137819,18,194,0.344588481451375,-0.0681674606499579,61.403125,-1.8667851653364,0.192857142857143,513
"651","Peyton Manning",2015,1998,0.200983545874366,-0.117913267905575,60.7,-3.40782879009133,16.7,449,0.981802038743403,0.202984716390671,87.4769541099344,4.3717511069132,0.112998040496408,5990
"652","Marc Bulger",2007,NA,0.200254824788919,-0.132754414544918,62,-1.36133294839125,27.6,417,0.342528029448101,-0.0857579029999031,62.8936499171728,-2.13441434874899,0.288981288981289,1813
"653","Andrew Luck",2015,2012,0.199429928060362,0.00875672966245949,48.9,-4.23538592823765,11.2,333,0.864984268570616,0.0849663287576341,78.0720705064548,-1.17552394427875,0.123580494321977,4073
"654","Davis Mills",2022,2021,0.198761441182343,-0.133142844480599,61.9,-3.77684763711163,14.6,529,0.246989380516168,-0.124134753771289,60.7188524590164,-3.72077428529995,0.174117647058824,1240
"655","Jay Cutler",2017,2006,0.1976384297586,-0.0962305841806244,58.4,-0.391128031270845,14,456,0.609306851373976,0.00151636696416419,68.8570619404349,0.853191268363745,0.174986580783682,5575
"656","Dwayne Haskins",2019,2019,0.196940745551054,-0.200137072645622,67.9,-4.65433688796296,33,245,0.146573080988195,-0.173051731928537,57.6947470817121,-5.10921775601631,0.304347826086957,529
"657","Johnny Manziel",2015,2014,0.19536358775174,-0.043088982500625,53.3,-2.55690385168846,16.5,269,NA,NA,NA,NA,NA,NA
"658","Cleo Lemon",2007,NA,0.193718824069828,-0.0240957888120219,51.4,-3.57633825616549,22.5,348,0.240861205634099,-0.0306053750191831,51.7881796690307,-2.84786473949422,0.224806201550388,436
"659","Brandon Allen",2020,2016,0.191766468931702,-0.0814736963175332,56.5,-3.64985200140974,19.4,155,NA,NA,NA,NA,NA,NA
"660","Dan Orlovsky",2008,2005,0.19148549752578,-0.091536115172057,57.4,-1.34786824918976,17.7,272,0.309845741285749,-0.0442975611956207,57.2621212121212,-0.556315325792863,0.184210526315789,529
"661","Shaun Hill",2014,NA,0.19050439947513,-0.120778785189575,60,-2.40257492330339,20.5,250,0.639539375785743,0.0103838435057746,69.673150887574,-0.408555903662009,0.202409638554217,1360
"662","Trent Green",2007,NA,0.188813353503217,-0.0355851102894062,52,0.498319041908236,14.6,150,0.0863115692199848,-0.124433220246856,46.8873727087576,-1.51010246964188,0.25625,494
"663","Gardner Minshew",2024,2019,0.188130891389637,-0.130804080181429,60.7,0.519548266383677,24,346,0.518247231990354,-0.00548788531436491,64.7715145436309,-1.19140440113208,0.190611664295875,2012
"664","Ryan Fitzpatrick",2009,2005,0.186482606156726,-0.140101004851937,61.4,-3.03302767040493,23.6,266,0.579017019221932,0.0214060981796244,65.4498023005032,-0.630337029579215,0.160486995019369,5674
"665","Sam Howell",2023,2022,0.186247631640281,-0.128391977104059,60.3,-0.427237766630509,23.5,712,0.205101977633749,-0.144523856245221,59.7342592592593,-1.31137163424101,0.239202657807309,771
"666","Geno Smith",2025,2013,0.185045845561172,-0.136150989651175,60.9,0.70712558716257,25.9,524,0.620082236201769,-0.023721947980981,71.7340005560189,1.85478331579015,0.199714693295292,3719
"667","Case Keenum",2016,NA,0.183905669218591,-0.115603342341584,58.9,-3.70057388252599,19.8,354,0.504780497467696,-0.0363300197459455,66.8966666666667,-1.69882620473045,0.146288209606987,2554
"668","Cooper Rush",2022,NA,0.183777354513945,-0.0896617679832601,56.5,-6.84993681824131,12.7,172,0.151573126759041,-0.138833830043323,55.0121835443038,-6.38590704681527,0.151515151515152,648
"669","Matt Hasselbeck",2009,1998,0.182370384656596,-0.137843869749724,60.8,-2.39490389513473,23.4,538,0.520380978669655,-0.0372756484573726,67.7805502063274,-1.22834841806829,0.216981132075472,3654
"670","Deshaun Watson",2022,2017,0.180351075854254,-0.0802037111798349,55.3,-3.32668000651944,27.4,204,0.862672084678186,0.0777306943763373,78.5163334462894,2.46797888280481,0.216765453005927,3074
"671","Jason Campbell",2006,2005,0.178653515359327,0.0147011726147558,46.4,-5.03979242263149,9.1,228,0.553235691292,0.00251091050230061,65.8374911660777,-0.640867397001132,0.178010471204188,2866
"672","Kevin Kolb",2010,2007,0.175036623455866,-0.0717172687823724,54,0.575030599180506,23.2,211,0.254219190533982,-0.0947370244931572,58.5002336448598,-3.02605441845802,0.252459016393443,874
"673","Joey Harrington",2006,NA,0.174574983050372,-0.100459754301818,56.6,-2.7180730088337,12.7,408,0.289226448217189,-0.118162181977661,62.7904522613065,-3.26807396932387,0.170909090909091,803
"674","Kerry Collins",2009,NA,0.17451845329705,-0.14397841352155,60.6,-4.6717577502488,7.7,224,0.398050441568845,-0.0570100972771377,63.2713836477987,-3.20664561665629,0.111111111111111,1292
"675","David Carr",2006,2002,0.173044596754868,-0.10319241063885,56.7,3.63493289125481,24.1,509,0.197929684027376,-0.106332950480445,55.7303234501348,1.41695433649524,0.242798353909465,765
"676","Davis Mills",2021,2021,0.171990897552374,-0.123887357061253,58.5,-0.219684366195921,23.3,435,0.246989380516168,-0.124134753771289,60.7188524590164,-3.72077428529995,0.174117647058824,1240
"677","Matt Schaub",2013,2004,0.169450713234738,-0.127737697116708,58.6,-1.72880139559676,13.1,383,0.823389017341311,0.0775286493325375,75.1906028870648,2.2093969176906,0.152347209920283,3571
"678","Jake Plummer",2006,NA,0.168531696873724,-0.0570384636035044,52,-3.56275940039119,17.5,345,NA,NA,NA,NA,NA,NA
"679","Gus Frerotte",2008,NA,0.168251093392016,-0.116014798396672,57.4,-3.81016009705979,30.2,334,0.149651384989952,-0.167794961303764,57.4866279069768,-4.02051882251449,0.239520958083832,523
"680","Nick Foles",2012,2012,0.167693813992781,-0.106849444774527,56.5,0.226848140532868,18.5,292,0.518890232819552,-0.0271987566420665,66.7850060459492,0.585883137026518,0.154025670945158,2545
"681","Brock Osweiler",2018,2012,0.166231071755043,-0.0671788066954932,52.7,0.250346443869851,20,200,0.226416906569103,-0.0679568071619299,54.234140969163,-3.20770284068149,0.153271028037383,1376
"682","Derek Anderson",2008,2005,0.163568049385194,-0.104908223519133,55.9,-10.1054368540645,16.1,307,0.193364769759496,-0.110247900353056,55.7506145251397,-5.15238676403086,0.152542372881356,1822
"683","Vince Young",2006,2006,0.162972424255587,-0.0555985009528849,51.3,-4.8653150465162,17.7,430,0.467286316164229,-0.00206187246685713,61.8527146464646,-0.975633373872729,0.176113360323887,1655
"684","Tyler Huntley",2022,NA,0.161763001679586,-0.100415748485652,55.3,1.62015029677638,15.5,168,0.453104385137058,-0.0541563382471822,65.8767409470752,1.37621343722284,0.219123505976096,794
"685","Tyson Bagent",2023,NA,0.161604962898561,-0.126668660631112,57.7,-2.43258316447769,9.4,159,NA,NA,NA,NA,NA,NA
"686","Brandon Weeden",2012,2012,0.160923498536878,-0.0448677184600327,50.1,-4.65451913502714,18.1,559,0.283865949457034,-0.0505387790402166,56.3003762935089,-3.17644766331967,0.204334365325077,1075
"687","Ben Roethlisberger",2021,2004,0.160809918028602,-0.0765032036198091,53,-2.25597094977275,26,692,0.872477730964763,0.103001646829373,77.1441827805985,2.37271850468163,0.201841620626151,9351
"688","Ryan Fitzpatrick",2016,2005,0.160117989448572,-0.0642494389284807,51.8,-4.10382804504951,13,441,0.579017019221932,0.0214060981796244,65.4498023005032,-0.630337029579215,0.160486995019369,5674
"689","Bruce Gradkowski",2010,2006,0.159526929231669,-0.123588915986477,57.2,-7.39946713370662,16.4,172,0.0965536012337607,-0.196756877330705,54.756862745098,-6.66305204044278,0.170967741935484,828
"690","Blaine Gabbert",2012,2011,0.157302467358614,-0.138080484274079,58.3,-5.2153340207971,21.8,309,0.0486404213524995,-0.195014884206963,47.3256084070796,-7.42719301770877,0.232172470978441,1864
"691","Mark Sanchez",2009,2009,0.150483885037128,-0.105820272571279,54.6,-4.34211445906583,23.9,475,0.245949507416896,-0.0900688384403283,57.5439338235294,-4.24661664741505,0.221789883268482,2774
"692","Trent Edwards",2007,NA,0.150349855002586,-0.158128301917734,59.4,-3.6452094598334,12.1,288,0.402129945587347,-0.0931205078880416,66.7808429118774,-0.678550324269703,0.194285714285714,1059
"693","Taylor Heinicke",2022,NA,0.150114583618805,-0.054107363840607,49.8,1.70155707823396,15.7,292,0.308053882762287,-0.0497805256622371,57.6586177474403,-0.63282172325097,0.179611650485437,1189
"694","Kyle Allen",2019,NA,0.149782041263767,-0.0534147671592707,49.7,-0.970359059698381,24.2,555,0.178798792802399,-0.0723661090109137,51.1860552763819,-0.930060452944495,0.225563909774436,818
"695","Josh McCown",2014,2002,0.147705698569261,-0.110209748645424,54.7,-2.26518393028527,22,382,0.420879845217913,-0.0159648682673421,60.7247076023392,0.236423726068185,0.201492537313433,2085
"696","Mason Rudolph",2019,2018,0.144045063954385,-0.101588715160233,53.5,-1.23449758130268,13.4,308,0.396952117270386,-0.0267628150010361,60.4539906103286,0.355438831993329,0.125435540069686,866
"697","Brock Osweiler",2016,2012,0.142019408224045,-0.0845090315298325,51.7,-4.11975095686887,12.9,625,0.226416906569103,-0.0679568071619299,54.234140969163,-3.20770284068149,0.153271028037383,1376
"698","Jacoby Brissett",2024,2016,0.140515346110187,-0.166760625540774,59.1,-2.91458620627721,22,188,0.556698108916376,-0.0180830323167027,67.8948222565688,-1.2221675388783,0.188177339901478,2672
"699","Matt Cassel",2009,2005,0.140148447332961,-0.174820146338677,59.8,-4.99177637560239,21.8,566,0.354325884367392,-0.0549802196984239,60.7363427445831,-2.15813261771977,0.216547497446374,3086
"700","C.J. Beathard",2017,2017,0.139940614603891,-0.171818534273169,59.5,-7.12897608992201,18.8,257,0.320122227558162,-0.110015239775801,63.8470588235294,-4.26450605825944,0.221757322175732,673
"701","Kurt Warner",2006,NA,0.139708934367702,0.0136768593313784,42.4,1.60196464668754,22.1,184,0.807258351527267,0.0815436597808323,73.5905864958107,4.46924263283082,0.140672782874618,2044
"702","Brett Favre",2010,NA,0.138020981586411,-0.174211525848321,59.5,-1.48426509472761,17.1,383,0.709696801495401,0.0547414158678799,69.6072990126939,1.31839030701737,0.166666666666667,2855
"703","Tommy DeVito",2023,NA,0.136416616180559,-0.20339023929265,62,-2.90265702420757,37.4,237,NA,NA,NA,NA,NA,NA
"704","EJ Manuel",2013,2013,0.135921793936037,-0.106235204948803,53,-2.48452832334136,24.6,358,0.139430890224697,-0.120878420752936,52.2902798232695,-3.21530262918865,0.221698113207547,716
"705","Drew Stanton",2017,2007,0.135705277432876,-0.120633246087361,54.3,-8.31027075839348,11.3,167,0.142002755732992,-0.121069808638061,52.5424827586207,-7.22194531417151,0.155737704918033,738
"706","Brad Johnson",2006,NA,0.134361060788575,-0.172318960762466,58.9,0.98906059662501,19.1,486,0.0941107955066061,-0.208083186109438,55.4962328767123,-0.0284180369771903,0.206521739130435,589
"707","Sam Darnold",2020,2018,0.133370190037306,-0.168154003047851,58.4,-1.92784354002518,19.6,425,0.562658000739064,-0.0173987072537432,68.1403943830296,0.320302740433737,0.183641975308642,3427
"708","Desmond Ridder",2023,2022,0.132847346247124,-0.0982060418893534,51.9,-1.33553502957026,22.3,439,0.13835716399932,-0.116252750250188,51.769423929099,-1.58841074518793,0.220264317180617,706
"709","Zach Mettenberger",2014,2014,0.131889360702466,-0.151590416291757,56.7,-2.25411874524663,24,198,NA,NA,NA,NA,NA,NA
"710","Alex Smith",2006,2005,0.128347236753227,-0.0779860224819317,49.5,-0.833814058985029,18.9,502,0.676150969530275,0.0309547597539487,69.8296921549156,-0.359460613402984,0.203784570596798,6155
"711","Mark Sanchez",2011,2009,0.128005001722984,-0.119722177570299,53.3,-3.89882494598182,23.8,600,0.245949507416896,-0.0900688384403283,57.5439338235294,-4.24661664741505,0.221789883268482,2774
"712","Deshaun Watson",2024,2017,0.127864519216943,-0.226379702190317,63.1,-2.22566198025431,28,270,0.862672084678186,0.0777306943763373,78.5163334462894,2.46797888280481,0.216765453005927,3074
"713","Colin Kaepernick",2015,2011,0.124975346150944,-0.0563921925276354,47.1,-5.21586428045249,23.9,295,0.638863710125316,0.0693191698095229,64.2599193909539,-1.84904335711243,0.217654171704958,2424
"714","Matt Cassel",2012,2005,0.12487408745191,-0.16300019042921,56.9,-1.91359165221898,20.7,312,0.354325884367392,-0.0549802196984239,60.7363427445831,-2.15813261771977,0.216547497446374,3086
"715","Drew Lock",2024,2019,0.124154105587605,-0.128115574642947,53.6,-6.09633981147943,15.4,204,0.326924599135938,-0.0643861742567902,60.070511627907,-4.61237020075702,0.136729222520107,1102
"716","Josh McCown",2016,2002,0.123139405035405,-0.152302315745381,55.7,-6.24519079560187,23.1,188,0.420879845217913,-0.0159648682673421,60.7247076023392,0.236423726068185,0.201492537313433,2085
"717","JaMarcus Russell",2008,NA,0.12174868489785,-0.127033427643687,53.2,-5.08621139944762,24,410,0.0285837650875151,-0.249730681144532,47.3461738002594,-7.8643502335534,0.24822695035461,782
"718","Zach Wilson",2021,2021,0.121635439025746,-0.193461662357545,59.3,-9.63935967270142,26.3,444,0.098071476022979,-0.205589589455819,55.7425042589438,-6.27882452721291,0.24,1198
"719","Marc Bulger",2009,NA,0.119979375270212,-0.182699105407971,58.1,-5.69504306524126,22.2,267,0.342528029448101,-0.0857579029999031,62.8936499171728,-2.13441434874899,0.288981288981289,1813
"720","Ryan Fitzpatrick",2008,2005,0.118929576754979,-0.138521723840958,53.9,-3.40792660167497,29,448,0.579017019221932,0.0214060981796244,65.4498023005032,-0.630337029579215,0.160486995019369,5674
"721","Brady Quinn",2009,2007,0.117232375792057,-0.146323186103053,54.4,-7.26929311123159,21.3,280,0.084985244361772,-0.205302352589173,54.0919803600655,-6.59788357751334,0.200980392156863,629
"722","Daniel Jones",2023,2019,0.11692179387829,-0.240194098839956,63,0.279664262837055,31.6,209,0.66402305786485,-0.000218385322785444,71.9906939558682,-0.0200274713027343,0.193836171938362,3348
"723","Jake Delhomme",2009,NA,0.116635285042549,-0.160199872810295,55.6,-4.63105738645233,22.3,351,0.400318081021712,-0.0635135794077754,63.9843889955214,-0.885807887025964,0.189125295508274,1569
"724","Cooper Rush",2024,NA,0.115503348329148,-0.132465187471602,52.9,-8.06432482924792,17.3,326,0.151573126759041,-0.138833830043323,55.0121835443038,-6.38590704681527,0.151515151515152,648
"725","Colt McCoy",2022,2010,0.115407482104131,-0.232554595069797,62.1,-0.253249739491662,27.1,154,0.344853374610638,-0.0603262566662837,60.7024630541872,-0.673491647118642,0.251101321585903,1461
"726","Trevor Siemian",2017,2015,0.114445516316508,-0.135056498447126,53,-1.50840219329385,22.6,406,0.168078160969554,-0.106799816796616,53.4744776119403,-2.62417900187511,0.182403433476395,1361
"727","Sam Darnold",2021,2018,0.113939274755996,-0.154249832668387,54.7,-4.8873513044479,19.2,463,0.562658000739064,-0.0173987072537432,68.1403943830296,0.320302740433737,0.183641975308642,3427
"728","Cody Kessler",2018,2016,0.112223282423199,-0.167584555088728,55.7,2.67192888699594,30.1,169,0.397378964510809,-0.0555517231897081,63.1028571428571,3.15937220605452,0.253886010362694,427
"729","Tom Savage",2017,2014,0.110601104882344,-0.201451731696071,58.6,-4.18001118031415,18.3,246,NA,NA,NA,NA,NA,NA
"730","Joe Flacco",2022,2008,0.108107958085053,-0.147546031287112,53.3,-4.09007648845295,13,202,0.62135294673375,0.00291451803018205,69.3721313461771,-0.559324360465622,0.171396140749149,8401
"731","Christian Ponder",2011,2011,0.107582561085267,-0.133118190089027,51.9,-6.91743558958957,25.4,342,0.234492184040206,-0.0726969471969228,55.2081385979049,-3.13615104181769,0.220417633410673,1257
"732","Chad Henne",2012,2008,0.105398513512364,-0.149438116921742,53.1,-4.94039653748175,21.4,348,0.401977714255495,-0.0513305108031983,62.9604806408545,-1.68985523982438,0.211781206171108,2284
"733","J.T. O'Sullivan",2008,NA,0.105082229924688,-0.206412959128911,58.3,-0.531028211116791,28.8,273,NA,NA,NA,NA,NA,NA
"734","Chris Redman",2007,2000,0.104244537600644,-0.0925240622276848,47.7,-3.19115081737781,16.7,164,NA,NA,NA,NA,NA,NA
"735","Matt Flynn",2013,2008,0.103040381901774,-0.154124453586308,53.2,0.151642400484819,34.3,236,0.197440626308593,-0.106751975025158,55.7326876513317,0.0754419024343844,0.30952380952381,425
"736","Marc Bulger",2008,NA,0.0993468022569331,-0.191392393412034,56.1,-5.70565688869228,34.5,485,0.342528029448101,-0.0857579029999031,62.8936499171728,-2.13441434874899,0.288981288981289,1813
"737","Josh McCown",2007,2002,0.0990969835371586,-0.107044513640597,48.3,-1.20719266665536,17.3,220,0.420879845217913,-0.0159648682673421,60.7247076023392,0.236423726068185,0.201492537313433,2085
"738","Brock Osweiler",2017,2012,0.0988422502197428,-0.0965837858062716,47.3,-6.19228064834353,12.3,192,0.226416906569103,-0.0679568071619299,54.234140969163,-3.20770284068149,0.153271028037383,1376
"739","Derek Carr",2014,2014,0.0971812650801764,-0.131828969521824,50.3,-6.21255488215561,11.3,635,0.755940936656482,0.0328710814177297,74.4728541964144,0.476696190573837,0.159458051068265,6369
"740","Seneca Wallace",2006,2003,0.0966399655678657,-0.131613852625994,50.2,-0.201706330363567,24.1,164,0.347867735989342,-0.0644543537235602,61.2455934195065,-2.19677365107278,0.195121951219512,867
"741","Kellen Clemens",2007,2006,0.0937779897186709,-0.155837538359672,52,-6.38587636252244,28.4,290,0.148106671818764,-0.150430044380005,55.7667571234735,-5.50747977468533,0.253846153846154,761
"742","Rex Grossman",2007,2003,0.09334707004186,-0.217390605676662,57.6,-4.76245894118654,29.1,255,0.150575342085273,-0.123322654242771,53.5103337612324,-3.57992560832393,0.158964879852126,1578
"743","Jake Locker",2014,2011,0.092123134859309,-0.114040102131664,47.9,-1.96313090208504,19.4,177,0.514423081781525,-0.0132069487759011,65.280119760479,-2.38622127265332,0.212765957446809,856
"744","Jay Cutler",2006,2006,0.0912089021308905,-0.151426265517968,51.2,0.145050839141563,26,153,0.609306851373976,0.00151636696416419,68.8570619404349,0.853191268363745,0.174986580783682,5575
"745","John Beck",2011,NA,0.0893168945198413,-0.17419212691918,53,-2.0425279209247,31.4,156,NA,NA,NA,NA,NA,NA
"746","Brodie Croyle",2007,NA,0.0889437266948228,-0.149842795742535,50.7,-4.90270213210752,22.1,246,NA,NA,NA,NA,NA,NA
"747","Josh Freeman",2009,2009,0.0886064376727122,-0.163459506782062,51.9,-4.16438318264317,15.8,331,0.474732736685756,-0.00968687860582921,62.9298330404218,-2.70616149706724,0.134872417982989,2330
"748","Trent Green",2006,NA,0.087448571330991,-0.0763718451812547,43.7,-0.619053328409791,32.6,261,0.0863115692199848,-0.124433220246856,46.8873727087576,-1.51010246964188,0.25625,494
"749","Zach Wilson",2022,2021,0.0863673246682388,-0.108679230940981,46.5,-5.55537258742622,20.7,279,0.098071476022979,-0.205589589455819,55.7425042589438,-6.27882452721291,0.24,1198
"750","Sam Bradford",2011,2010,0.0855823664035502,-0.252385075869753,59.6,-8.00701451553425,26.5,398,0.52832133695777,-0.052169890755728,69.5458036543822,-1.78140429316448,0.181399631675875,3238
"751","Will Levis",2024,2023,0.0836381718603229,-0.20478333793359,54.9,-0.432296791305281,30.4,362,0.198598128588491,-0.139764145146078,58.8290519877676,-0.409527576367798,0.260377358490566,683
"752","Matt Cassel",2015,2005,0.0833755477740116,-0.165056864600874,51.2,-4.55570033359044,19.2,230,0.354325884367392,-0.0549802196984239,60.7363427445831,-2.15813261771977,0.216547497446374,3086
"753","Bryce Young",2023,2023,0.0798825860212748,-0.223595859430178,56,-1.40984062762821,24.5,622,0.378299779349147,-0.101680233906814,66.2955367913148,-0.158362160790655,0.186046511627907,1667
"754","Blaine Gabbert",2016,2011,0.0793329742600761,-0.118148192854847,46.2,-6.68011450167722,18,189,0.0486404213524995,-0.195014884206963,47.3256084070796,-7.42719301770877,0.232172470978441,1864
"755","Baker Mayfield",2022,2018,0.0792855345135753,-0.166040687825673,50.6,-7.01525330728626,30.8,389,0.799481316813573,0.0560112935566795,75.3476333907057,-0.523748714759328,0.209929078014184,4712
"756","J.P. Losman",2006,NA,0.0786996958234128,-0.0563211784500727,40.4,3.34050748264998,28.8,494,0.0552835639039047,-0.128030023771994,42.4895933014354,2.06090049310164,0.285211267605634,860
"757","Daunte Culpepper",2006,NA,0.0786510339924645,-0.109648764272785,45.3,-0.776150953769684,33.9,161,0.0970506749237703,-0.145724351382632,50.160492040521,-2.77188865716707,0.274509803921569,712
"758","David Blough",2019,NA,0.0780798179550941,-0.24001385939855,57.2,-13.5941848070139,23.3,194,NA,NA,NA,NA,NA,NA
"759","Mac Jones",2023,2021,0.0764740576809987,-0.18875272818077,52.2,-2.89277357865224,18.5,379,0.598007529460322,-0.0113088276733885,69.4293556085919,0.566731374720916,0.194719471947195,2162
"760","Dwayne Haskins",2020,2019,0.0760814728800239,-0.148223502937876,48.4,-5.49022908139433,27.4,269,0.146573080988195,-0.173051731928537,57.6947470817121,-5.10921775601631,0.304347826086957,529
"761","DeShone Kizer",2017,2017,0.0751682903602511,-0.194537782903016,52.5,-6.32841853385276,17.4,563,0.0619799038145904,-0.208598384877334,51.0073409461664,-6.89258789735131,0.179487179487179,636
"762","Rex Grossman",2006,2003,0.072959876012467,-0.131526765796157,46.3,-3.80578743043675,12.4,598,0.150575342085273,-0.123322654242771,53.5103337612324,-3.57992560832393,0.158964879852126,1578
"763","J.P. Losman",2007,NA,0.0715707407148741,-0.14191932672415,47,1.56927296343972,20,200,0.0552835639039047,-0.128030023771994,42.4895933014354,2.06090049310164,0.285211267605634,860
"764","Charlie Frye",2006,NA,0.0712015776623562,-0.169828311564798,49.5,4.92686376747059,25.7,473,0.0764930773412495,-0.18997015679742,51.5361111111111,3.38948134248054,0.252212389380531,614
"765","Zach Wilson",2023,2021,0.0682666755980053,-0.270402619812989,58.2,-3.12737126565883,24.3,439,0.098071476022979,-0.205589589455819,55.7425042589438,-6.27882452721291,0.24,1198
"766","David Carr",2007,2002,0.0662533311152832,-0.21274451656874,52.5,-6.18191451527352,22.4,160,0.197929684027376,-0.106332950480445,55.7303234501348,1.41695433649524,0.242798353909465,765
"767","Robert Griffin",2014,2012,0.064405005196375,-0.163517468831978,47.6,3.00476070282594,27.3,265,0.610682179933307,0.0346304752719863,65.9092628832355,0.575402116351448,0.226415094339623,1701
"768","Nick Foles",2015,2012,0.063722018851425,-0.286703924450703,58.8,-6.91107711698636,9.6,356,0.518890232819552,-0.0271987566420665,66.7850060459492,0.585883137026518,0.154025670945158,2545
"769","Jay Cutler",2016,2006,0.0623462643618228,-0.191991459026151,49.8,-2.38388951367407,23.9,157,0.609306851373976,0.00151636696416419,68.8570619404349,0.853191268363745,0.174986580783682,5575
"770","Gus Frerotte",2007,NA,0.0621129749633672,-0.275087165829824,57.4,-4.30828508153652,15.7,179,0.149651384989952,-0.167794961303764,57.4866279069768,-4.02051882251449,0.239520958083832,523
"771","Derek Anderson",2010,2005,0.0615232876644291,-0.176468888048144,48.2,-8.16567458003481,18.2,355,0.193364769759496,-0.110247900353056,55.7506145251397,-5.15238676403086,0.152542372881356,1822
"772","Josh Johnson",2009,2008,0.0613582093270982,-0.199659901869285,50.3,-9.07597141640802,18,154,0.258177280450104,-0.0603867245685229,55.6172549019608,-2.97393978518598,0.169154228855721,547
"773","Aaron Brooks",2006,NA,0.0605824588009484,-0.279659822643628,57.5,-2.02397722157703,26.8,233,NA,NA,NA,NA,NA,NA
"774","Josh Freeman",2013,2009,0.0597983254678285,-0.227150152316068,52.5,-13.7350609919555,13.1,157,0.474732736685756,-0.00968687860582921,62.9298330404218,-2.70616149706724,0.134872417982989,2330
"775","Blake Bortles",2014,2014,0.0594912114997623,-0.164851127514773,46.7,-6.77221066050105,29.4,550,0.407929868817881,-0.0236951983358351,60.7524983776768,-4.60563397837235,0.186915887850467,3194
"776","Jimmy Clausen",2010,2010,0.0565762493858314,-0.32171709031618,60.5,-8.85654755614021,28,344,0.0502498034327452,-0.294101229845848,56.6858472998138,-7.12919833878763,0.22279792746114,547
"777","Devlin Hodges",2019,NA,0.0558961084526008,-0.163667538723951,45.8,2.13109496980906,22.1,183,NA,NA,NA,NA,NA,NA
"778","Daunte Culpepper",2009,NA,0.0532728823625141,-0.168045121650609,45.6,-4.15488105583814,24.1,182,0.0970506749237703,-0.145724351382632,50.160492040521,-2.77188865716707,0.274509803921569,712
"779","Vinny Testaverde",2007,NA,0.052064848358931,-0.185271815075107,46.9,-8.96526416261753,19.1,184,NA,NA,NA,NA,NA,NA
"780","Steve McNair",2007,NA,0.0508737094927924,-0.214462580701233,49.3,3.40302126529889,14.7,220,0.315053154420524,-0.033385461835087,56.5665327978581,3.17796285335834,0.114406779661017,756
"781","Ryan Tannehill",2018,2012,0.0501281925637252,-0.172984467337464,45.3,-0.935130563568087,29.2,318,0.787563695764108,0.0411447439112735,75.8522718944668,1.50029000300119,0.21996879875195,5646
"782","Skylar Thompson",2022,2022,0.0482049625689304,-0.287934263110884,55.4,-8.726536461585,12,167,NA,NA,NA,NA,NA,NA
"783","Matthew Stafford",2009,2009,0.0479675578438663,-0.177771958057525,45.2,-7.66316322111041,19.2,416,0.848358569582663,0.0779857511209702,77.2090909090909,-1.07672975651007,0.180039138943249,10152
"784","Mark Sanchez",2012,2009,0.0449605548470285,-0.195001725214863,46,-6.15460616443099,23.4,496,0.245949507416896,-0.0900688384403283,57.5439338235294,-4.24661664741505,0.221789883268482,2774
"785","Bryce Petty",2016,2015,0.0432008746799889,-0.224115471265862,48.2,-6.54058633869841,28.3,150,NA,NA,NA,NA,NA,NA
"786","Kirk Cousins",2013,2012,0.0428148421784815,-0.260048091372614,51.4,-11.2957261894879,11.6,162,0.840447634789991,0.0639162014045631,77.8174397314617,2.16821688592393,0.156331877729258,6663
"787","Spencer Rattler",2024,2024,0.0427671281067785,-0.266711527656603,52,-9.06213659076064,22.4,264,0.191394802099647,-0.174368629992332,61.4532374100719,-2.95376578532973,0.191387559808612,572
"788","Matt Moore",2010,NA,0.0392329137515417,-0.251740159153794,49.6,-3.38908075652224,23.6,161,0.399642024988028,-0.0342752736109844,61.2814180929095,0.878010595970259,0.236363636363636,1243
"789","Bruce Gradkowski",2006,2006,0.036762747902179,-0.240438104897845,47.8,-6.00943160018737,15.3,385,0.0965536012337607,-0.196756877330705,54.756862745098,-6.66305204044278,0.170967741935484,828
"790","Alex Smith",2007,2005,0.0314633648813307,-0.305437340768635,52,-10.8420878490235,20.7,219,0.676150969530275,0.0309547597539487,69.8296921549156,-0.359460613402984,0.203784570596798,6155
"791","Jake Delhomme",2010,NA,0.0305061465279282,-0.323342846128647,53.3,2.12292400657708,13.3,156,0.400318081021712,-0.0635135794077754,63.9843889955214,-0.885807887025964,0.189125295508274,1569
"792","Blaine Gabbert",2017,2011,0.0276076869787153,-0.249597764350842,45.4,-7.39742686762612,31.4,207,0.0486404213524995,-0.195014884206963,47.3256084070796,-7.42719301770877,0.232172470978441,1864
"793","Bailey Zappe",2023,2022,0.0274940258893353,-0.323971415421094,52.2,-4.42770113154213,24.3,247,NA,NA,NA,NA,NA,NA
"794","Curtis Painter",2011,NA,0.0265241431077271,-0.21092980648513,41.4,-7.960883397609,23.2,268,NA,NA,NA,NA,NA,NA
"795","Trent Dilfer",2007,NA,0.0259232462761406,-0.389662054728483,57.6,-6.68745367435747,32.9,250,NA,NA,NA,NA,NA,NA
"796","John Skelton",2011,2010,0.0244621160352272,-0.159675219254578,35.8,-5.86398963213843,19.2,315,0.0157815141561071,-0.237647356526905,41.1908148148148,-8.53955541588679,0.195020746887967,680
"797","Brady Quinn",2012,2007,0.0231024795801249,-0.33042831363332,50.9,-4.20672291426489,24.4,230,0.084985244361772,-0.205302352589173,54.0919803600655,-6.59788357751334,0.200980392156863,629
"798","Josh Rosen",2018,2018,0.0199853349301198,-0.327585105987904,49.1,-8.24523529193472,24.6,453,0.00822553749992181,-0.367515207171887,47.9652027027027,-9.94938787148923,0.256302521008403,593
"799","Kyle Boller",2009,NA,0.0139239025670832,-0.389448825926847,51.1,-8.44031028276266,23.3,201,0.0858153991179091,-0.194682684225122,53.2315619967794,-1.96073798469885,0.225352112676056,640
"800","Andrew Walter",2006,NA,0.0116317390342204,-0.377172600371938,48.2,-6.16578806075267,36.2,327,0.00760520387948954,-0.386478205401392,49.1125319693095,-7.92549946450878,0.361702127659574,400
"801","Derek Anderson",2009,2005,0.0112033119511007,-0.394164497516458,49.4,-14.1393617954519,22,194,0.193364769759496,-0.110247900353056,55.7506145251397,-5.15238676403086,0.152542372881356,1822
"802","Blaine Gabbert",2011,2011,0.00735313426079857,-0.239535240872849,31.2,-10.900466397876,26.1,475,0.0486404213524995,-0.195014884206963,47.3256084070796,-7.42719301770877,0.232172470978441,1864
"803","Zach Mettenberger",2015,2014,0.00586799629692595,-0.339971090452124,38.4,-2.44351008369879,18.1,181,NA,NA,NA,NA,NA,NA
"804","Mike Vick",2014,NA,0.00570402551103348,-0.309040904421791,35.3,-4.68496995275481,30.6,153,0.62657921437262,0.0307781938141324,67.1109600679694,0.0202824669376846,0.185381355932203,2515
"805","John Skelton",2012,2010,0.0050983027374897,-0.317675284954271,35.1,-9.57796716660111,19.7,218,0.0157815141561071,-0.237647356526905,41.1908148148148,-8.53955541588679,0.195020746887967,680
"806","JaMarcus Russell",2009,NA,0.00501450151112812,-0.404002575882007,42.9,-12.0078598214275,26.7,286,0.0285837650875151,-0.249730681144532,47.3461738002594,-7.8643502335534,0.24822695035461,782
"807","Jared Goff",2016,2016,0.00492546292530429,-0.405711791543552,42.9,-10.9446670896936,25.5,234,0.833830196091678,0.0923319973753453,74.6770649825494,0.0756370606061197,0.15255905511811,6068
"808","Trevor Siemian",2023,2015,0.00414981542564218,-0.334977674121996,34.9,-8.92819704280959,14,167,0.168078160969554,-0.106799816796616,53.4744776119403,-2.62417900187511,0.182403433476395,1361
"809","Ryan Lindley",2012,2012,0.00100082185913808,-0.484302031800378,37.2,-12.2208710302386,26.7,184,NA,NA,NA,NA,NA,NA
"810","Mike Glennon",2021,2013,0.000446922915114432,-0.470123583511711,30,-7.87803942894007,13.8,181,0.210743564494972,-0.137358002089773,59.4819554848967,-1.18973130240781,0.173277661795407,1272
"811","Cam Newton",2021,2011,NA,-0.195689178140102,NA,-12.6353495784344,NA,NA,0.749473134882384,0.0574489318781249,71.8133707865169,-1.50275250415999,0.187700534759358,6142
"812","Mike Glennon",2017,2013,NA,-0.219824373114946,NA,1.74922891657987,NA,NA,0.210743564494972,-0.137358002089773,59.4819554848967,-1.18973130240781,0.173277661795407,1272
"813","AJ McCarron",2015,2014,NA,-0.0193830853841677,NA,3.81652685551862,NA,NA,NA,NA,NA,NA,NA,NA
"814","Thad Lewis",2013,NA,NA,-0.0483073404363841,NA,-1.39224563653652,NA,NA,NA,NA,NA,NA,NA,NA
"815","Matt Moore",2009,NA,NA,0.113373980943301,NA,0.762150210362894,NA,NA,0.399642024988028,-0.0342752736109844,61.2814180929095,0.878010595970259,0.236363636363636,1243
